Permit Number,Permittee Name,Project Name,Mechanical or Non-Mechanical,County,City,Lat.,Long.,HUC 8 ID#,Watershed Name,Discharge Stream,Class,Code,,,,,,,,,,,,,,,,,,,,,,,,,,,,,,,,,,,,,,,,,,,,,,,,,,,,,,,,,,,,,,,,,,,,,,,,,,,,,,,,,,,,,,,,,,,,,,,,,,,,,,,,,,,,,,,,,
TN0064785,City of Adamsville,Adamsville STP,Non-Mechanical Lagoon,McNairy,Adamsville,35.225187,-88.404993,06040001,Beech River,Snake Creek at mile 8.0,M,MW,,,,,,,,,,,,,,,,,,,,,,,,,,,,,,,,,,,,,,,,,,,,,,,,,,,,,,,,,,,,,,,,,,,,,,,,,,,,,,,,,,,,,,,,,,,,,,,,,,,,,,,,,,,,,,,,,
TN0021539,Town of Alexandria,Alexandria STP,Mechanical - Suspended Growth,DeKalb,Alexandria,36.084183,-86.02652,05130108,Caney Fork River,Hickman Creek at mile 13.1,M,MW,,,,,,,,,,,,,,,,,,,,,,,,,,,,,,,,,,,,,,,,,,,,,,,,,,,,,,,,,,,,,,,,,,,,,,,,,,,,,,,,,,,,,,,,,,,,,,,,,,,,,,,,,,,,,,,,,
TN0078603,Town of Arlington,Arlington WWTP (11150 Highway 70),Mechanical - Suspended Growth,Shelby,Arlington,35.283333,-89.695833,08010209,Loosahatchie,Loosahatchie River at mile 29.2,M,MW,,,,,,,,,,,,,,,,,,,,,,,,,,,,,,,,,,,,,,,,,,,,,,,,,,,,,,,,,,,,,,,,,,,,,,,,,,,,,,,,,,,,,,,,,,,,,,,,,,,,,,,,,,,,,,,,,
TN0020737,Town of Ashland City,Ashland City STP,Mechanical - Suspended Growth,Cheatham,Ashland City,36.271679,-87.0667,05130202,Cheatham Lake,Cumberland River Mile 158.2,M,MW,,,,,,,,,,,,,,,,,,,,,,,,,,,,,,,,,,,,,,,,,,,,,,,,,,,,,,,,,,,,,,,,,,,,,,,,,,,,,,,,,,,,,,,,,,,,,,,,,,,,,,,,,,,,,,,,,
TN0074764,"Tennessee Wastewater Systems, Inc.",River Road STP - Lost Hollow Subdivision,Non-Mechanical Lagoon,Cheatham,Ashland City,36.213231,-87.00406,05130202,Cheatham Lake,Cumberland River at mile 163.9,M,MW,,,,,,,,,,,,,,,,,,,,,,,,,,,,,,,,,,,,,,,,,,,,,,,,,,,,,,,,,,,,,,,,,,,,,,,,,,,,,,,,,,,,,,,,,,,,,,,,,,,,,,,,,,,,,,,,,
TN0081574,The Cheatham County Water and Wastewater Authority,Industrial Park POTW,Mechanical - Attached Growth,Cheatham,Ashland City,36.2254,-87.02129,05130202,Cheatham Lake,Cumberland River mile 162.7,M,MW,,,,,,,,,,,,,,,,,,,,,,,,,,,,,,,,,,,,,,,,,,,,,,,,,,,,,,,,,,,,,,,,,,,,,,,,,,,,,,,,,,,,,,,,,,,,,,,,,,,,,,,,,,,,,,,,,
TN0082252,Town of Ashland City,New STP located at 269 Tennessee Waltz Parkway,Mechanical - Suspended Growth,Cheatham,Ashland City,36.258412,-87.063495,05130202,Cheatham Lake,Cumberland River at mile 158,M,MW,,,,,,,,,,,,,,,,,,,,,,,,,,,,,,,,,,,,,,,,,,,,,,,,,,,,,,,,,,,,,,,,,,,,,,,,,,,,,,,,,,,,,,,,,,,,,,,,,,,,,,,,,,,,,,,,,
TN0024201,Athens Utilities Board (AUB),Oostanuala STP,Mechanical - Suspended Growth,McMinn,Athens,35.425,-84.590277,06020002,Hiwassee River,Oostanaula Creek Mile 30.1,M,MW,,,,,,,,,,,,,,,,,,,,,,,,,,,,,,,,,,,,,,,,,,,,,,,,,,,,,,,,,,,,,,,,,,,,,,,,,,,,,,,,,,,,,,,,,,,,,,,,,,,,,,,,,,,,,,,,,
TN0067539,Athens Utilities Board (AUB),North Mouse Creek STP,Mechanical - Suspended Growth,McMinn,Athens,35.451015,-84.653206,06020002,Hiwassee River,North Mouse Creek at mile 24.7,M,MW,,,,,,,,,,,,,,,,,,,,,,,,,,,,,,,,,,,,,,,,,,,,,,,,,,,,,,,,,,,,,,,,,,,,,,,,,,,,,,,,,,,,,,,,,,,,,,,,,,,,,,,,,,,,,,,,,
TN0063932,Town of Baileyton,Baileyton STP,Mechanical - Suspended Growth,Greene,Baileyton,36.317239,-82.827746,06010108,Nolichucky,Lick Creek at mile 49.2,M,MW,,,,,,,,,,,,,,,,,,,,,,,,,,,,,,,,,,,,,,,,,,,,,,,,,,,,,,,,,,,,,,,,,,,,,,,,,,,,,,,,,,,,,,,,,,,,,,,,,,,,,,,,,,,,,,,,,
TN0066800,City of Bartlett,Bartlett STP No. 1,Mechanical - Suspended Growth,Shelby,Bartlett,35.269747,-89.849647,08010209,Loosahatchie,Loosahatchie River at mile 18.4,M,MW,,,,,,,,,,,,,,,,,,,,,,,,,,,,,,,,,,,,,,,,,,,,,,,,,,,,,,,,,,,,,,,,,,,,,,,,,,,,,,,,,,,,,,,,,,,,,,,,,,,,,,,,,,,,,,,,,
TN0068543,City of Bartlett,Barlett WWTP #2,Aerated Lagoon,Shelby,Bartlett,35.269394,-89.787493,08010209,Loosahatchie,Loosahatchie River at mile 21.7,M,MW,,,,,,,,,,,,,,,,,,,,,,,,,,,,,,,,,,,,,,,,,,,,,,,,,,,,,,,,,,,,,,,,,,,,,,,,,,,,,,,,,,,,,,,,,,,,,,,,,,,,,,,,,,,,,,,,,
TN0078379,"IRM Utility, Inc.",Riverstone Estates Wastewater Treatment Plant,Non-Mechanical Lagoon,Decatur,Bath Springs,35.41576,-88.04094,06040001,Beech River,Tennessee River at mile 161.6,M,"MW, DI",,,,,,,,,,,,,,,,,,,,,,,,,,,,,,,,,,,,,,,,,,,,,,,,,,,,,,,,,,,,,,,,,,,,,,,,,,,,,,,,,,,,,,,,,,,,,,,,,,,,,,,,,,,,,,,,,
TN0021121,City of Baxter,Baxter STP,Mechanical - Suspended Growth,Putnam,Baxter,36.145122,-85.645259,05130108,Caney Fork River,Mine Lick Creek at mile 15,M,MW,,,,,,,,,,,,,,,,,,,,,,,,,,,,,,,,,,,,,,,,,,,,,,,,,,,,,,,,,,,,,,,,,,,,,,,,,,,,,,,,,,,,,,,,,,,,,,,,,,,,,,,,,,,,,,,,,
TN0020591,Town of Bell Buckle,Bell Buckle STP,Mechanical - Suspended Growth,Bedford,Bell Buckle,35.5838,-86.3539,06040002,Upper Duck River,Bell Buckle Creek at mile 0.8,M,MW,,,,,,,,,,,,,,,,,,,,,,,,,,,,,,,,,,,,,,,,,,,,,,,,,,,,,,,,,,,,,,,,,,,,,,,,,,,,,,,,,,,,,,,,,,,,,,,,,,,,,,,,,,,,,,,,,
TN0026247,City of Bells,Bells Wastewater Lagoon,Non-Mechanical Lagoon,Crockett,Bells,35.7035,-89.098943,08010205,South Fork Forked Deer River,South Fork Forked Deer River at mile 36,M,MW,,,,,,,,,,,,,,,,,,,,,,,,,,,,,,,,,,,,,,,,,,,,,,,,,,,,,,,,,,,,,,,,,,,,,,,,,,,,,,,,,,,,,,,,,,,,,,,,,,,,,,,,,,,,,,,,,
TN0067334,City of Benton,Benton STP,Mechanical - Suspended Growth,Polk,Benton,35.178333,-84.659167,06020003,Ocoee River,Four Mile Creek Mile 1.7,M,MW,,,,,,,,,,,,,,,,,,,,,,,,,,,,,,,,,,,,,,,,,,,,,,,,,,,,,,,,,,,,,,,,,,,,,,,,,,,,,,,,,,,,,,,,,,,,,,,,,,,,,,,,,,,,,,,,,
TN0022616,Town of Big Sandy,Municipal Wastewater Treatment Lagoon,Non-Mechanical Lagoon,Benton,Big Sandy,36.235851,-88.092142,06040005,Kentucky Lake,Big Sandy River at mile 15.0,M,MW,,,,,,,,,,,,,,,,,,,,,,,,,,,,,,,,,,,,,,,,,,,,,,,,,,,,,,,,,,,,,,,,,,,,,,,,,,,,,,,,,,,,,,,,,,,,,,,,,,,,,,,,,,,,,,,,,
TN0023531,City of Bristol,Bristol STP 2,Mechanical - Suspended Growth,Sullivan,Bluff City,36.50201,-82.295304,06010102,South Fork Holston River,Boone Reservoir,M,MW,,,,,,,,,,,,,,,,,,,,,,,,,,,,,,,,,,,,,,,,,,,,,,,,,,,,,,,,,,,,,,,,,,,,,,,,,,,,,,,,,,,,,,,,,,,,,,,,,,,,,,,,,,,,,,,,,
TN0077917,City of Bolivar,Bolivar STP,Aerated Lagoon,Hardeman,Bolivar,35.290944,-88.999026,08010208,Lower Hatchie River,Hatchie River at mile 131.0,M,MW,,,,,,,,,,,,,,,,,,,,,,,,,,,,,,,,,,,,,,,,,,,,,,,,,,,,,,,,,,,,,,,,,,,,,,,,,,,,,,,,,,,,,,,,,,,,,,,,,,,,,,,,,,,,,,,,,
TN0062022,Town of Bradford,Bradford STP,Non-Mechanical Lagoon,Gibson,Bradford,36.0879,-88.8074,08010203,South Fork Obion River,South Fork of the Obion River at mile 9.7,M,MW,,,,,,,,,,,,,,,,,,,,,,,,,,,,,,,,,,,,,,,,,,,,,,,,,,,,,,,,,,,,,,,,,,,,,,,,,,,,,,,,,,,,,,,,,,,,,,,,,,,,,,,,,,,,,,,,,
TN0062367,Brownsville Energy Authority,Brownsville Wastewater Treatment-South Plant,Mechanical - Attached Growth,Haywood,Brownsville,35.584414,-89.269652,08010208,Lower Hatchie River,Hatchie River at mile 76.3,M,MW,,,,,,,,,,,,,,,,,,,,,,,,,,,,,,,,,,,,,,,,,,,,,,,,,,,,,,,,,,,,,,,,,,,,,,,,,,,,,,,,,,,,,,,,,,,,,,,,,,,,,,,,,,,,,,,,,
TN0075078,Brownsville Energy Authority,Brownsville Energy Authority Lagoon,Aerated Lagoon,Haywood,Brownsville,35.6168,-89.2664,08010205,South Fork Forked Deer River,South Fork Forked Deer River at mile 30.6,M,MW,,,,,,,,,,,,,,,,,,,,,,,,,,,,,,,,,,,,,,,,,,,,,,,,,,,,,,,,,,,,,,,,,,,,,,,,,,,,,,,,,,,,,,,,,,,,,,,,,,,,,,,,,,,,,,,,,
TN0062014,Town of Bruceton,Bruceton STP,Non-Mechanical Lagoon,Carroll,Bruceton,36.047555,-88.226388,06040004,Kentucky Lake,the Big Sandy River at mile 31.0,M,MW,,,,,,,,,,,,,,,,,,,,,,,,,,,,,,,,,,,,,,,,,,,,,,,,,,,,,,,,,,,,,,,,,,,,,,,,,,,,,,,,,,,,,,,,,,,,,,,,,,,,,,,,,,,,,,,,,
TN0062626,Town of Byrdstown,Byrdstown STP,Mechanical - Suspended Growth,Pickett,Byrdstown,36.581956,-85.1237,05130105,Obey River,unnamed tributary at mile 0.25 to Town Creek at mile 0.1,M,MW,,,,,,,,,,,,,,,,,,,,,,,,,,,,,,,,,,,,,,,,,,,,,,,,,,,,,,,,,,,,,,,,,,,,,,,,,,,,,,,,,,,,,,,,,,,,,,,,,,,,,,,,,,,,,,,,,
TN0064611,City of Camden,Camden Wastewater Treatment Facility,Non-Mechanical Lagoon,Benton,Camden,36.0475,-88.074722,06040005,Kentucky Lake,Cypress Creek at mile 12.8,M,MW,,,,,,,,,,,,,,,,,,,,,,,,,,,,,,,,,,,,,,,,,,,,,,,,,,,,,,,,,,,,,,,,,,,,,,,,,,,,,,,,,,,,,,,,,,,,,,,,,,,,,,,,,,,,,,,,,
TN0022993,Town of Carthage,Without Borders,Mechanical - Suspended Growth,Smith,Carthage,36.250425,-85.955257,05130201,Old Hickory Lake,Cumberland River (Old Hickory Reservoir) at mile 308,M,MW,,,,,,,,,,,,,,,,,,,,,,,,,,,,,,,,,,,,,,,,,,,,,,,,,,,,,,,,,,,,,,,,,,,,,,,,,,,,,,,,,,,,,,,,,,,,,,,,,,,,,,,,,,,,,,,,,
TN0026263,Caryville-Jacksboro Utilities Commission,Caryville-Jacksboro Utilities Commission STP,Mechanical - Suspended Growth,Campbell,Caryville,36.307109,-84.199742,06010205,Upper Clinch River,Cove Creek Embayment of Norris Lake at mile 15.9,M,MW,,,,,,,,,,,,,,,,,,,,,,,,,,,,,,,,,,,,,,,,,,,,,,,,,,,,,,,,,,,,,,,,,,,,,,,,,,,,,,,,,,,,,,,,,,,,,,,,,,,,,,,,,,,,,,,,,
TN0063886,City of Celina,Municipal STP,Non-Mechanical Lagoon,Clay,Celina,36.5475,-85.517777,05130106,Cordell Hull Reservoir,Cumberland River at mile 380.7 (Cordell Hull Lake),M,MW,,,,,,,,,,,,,,,,,,,,,,,,,,,,,,,,,,,,,,,,,,,,,,,,,,,,,,,,,,,,,,,,,,,,,,,,,,,,,,,,,,,,,,,,,,,,,,,,,,,,,,,,,,,,,,,,,
TN0024937,Town of Centerville,Centerville STP,Mechanical - Suspended Growth,Hickman,Centerville,35.781667,-87.475833,06040003,Lower Duck River,Duck River at mile 71.5,M,MW,,,,,,,,,,,,,,,,,,,,,,,,,,,,,,,,,,,,,,,,,,,,,,,,,,,,,,,,,,,,,,,,,,,,,,,,,,,,,,,,,,,,,,,,,,,,,,,,,,,,,,,,,,,,,,,,,
TN0062073,"Limestone Water Utility Operating Company, LLC",Chapel Woods Subdivision STP,Non-Mechanical Septic System,Marshall,Chapel Hill,35.60278,-86.75236,06040002,Upper Duck River,Duck River at mile 177.5,M,MW,,,,,,,,,,,,,,,,,,,,,,,,,,,,,,,,,,,,,,,,,,,,,,,,,,,,,,,,,,,,,,,,,,,,,,,,,,,,,,,,,,,,,,,,,,,,,,,,,,,,,,,,,,,,,,,,,
TN0064670,Town of Chapel Hill,Chapel Hill STP,Mechanical - Suspended Growth,Marshall,Chapel Hill,35.595962,-86.705655,06040002,Upper Duck River,Duck River at mile 185.5,M,MW,,,,,,,,,,,,,,,,,,,,,,,,,,,,,,,,,,,,,,,,,,,,,,,,,,,,,,,,,,,,,,,,,,,,,,,,,,,,,,,,,,,,,,,,,,,,,,,,,,,,,,,,,,,,,,,,,
TN0024210,City of Chattanooga,Moccasin Bend WWTP & Combined Sewer System,Mechanical - Suspended Growth,Hamilton,Chattanooga,35.051951,-85.335379,06020001,Lower Tennessee River,"Tennessee River (Nickajack Reservoir) miles 457.8 (001-WWTP), 465.2 (004-Citico), 463.3 (005-Tremont, 462.7 (007-M.L. King Blvd.), 464 (006-Ross's Landing), 462.5 (008-19th St.), 461.6 (009-Carter St.), and Chattanooga Creek miles 2.0 (002-Central Ave.) and 1.4 (003-Williams St.).",M,MW,,,,,,,,,,,,,,,,,,,,,,,,,,,,,,,,,,,,,,,,,,,,,,,,,,,,,,,,,,,,,,,,,,,,,,,,,,,,,,,,,,,,,,,,,,,,,,,,,,,,,,,,,,,,,,,,,
TN0064947,"River Landing Condominium Owners Association, Inc.
",River Landing Drip Wastewater Plant,Mechanical - Attached Growth,Marion,Chattanooga,35.121389,-85.391667,06020001,Lower Tennessee River,Tennessee River at mile 451.7,M,MW,,,,,,,,,,,,,,,,,,,,,,,,,,,,,,,,,,,,,,,,,,,,,,,,,,,,,,,,,,,,,,,,,,,,,,,,,,,,,,,,,,,,,,,,,,,,,,,,,,,,,,,,,,,,,,,,,
TN0021253,City of Church Hill,Church Hill WWTP,Mechanical - Suspended Growth,Hawkins,Church Hill,36.523783,-82.685442,06010104,Holston River,Holston River at mile 136.5,M,MW,,,,,,,,,,,,,,,,,,,,,,,,,,,,,,,,,,,,,,,,,,,,,,,,,,,,,,,,,,,,,,,,,,,,,,,,,,,,,,,,,,,,,,,,,,,,,,,,,,,,,,,,,,,,,,,,,
TN0020656,City of Clarksville,Clarksville STP and Combined Sewer System,Mechanical - Suspended Growth,Montgomery,Clarksville,36.546708,-87.355514,05130206,Red River,"Barkley Reservoir (Cumberland River) at miles 125.0, 125.4, and 126.2",M,MW,,,,,,,,,,,,,,,,,,,,,,,,,,,,,,,,,,,,,,,,,,,,,,,,,,,,,,,,,,,,,,,,,,,,,,,,,,,,,,,,,,,,,,,,,,,,,,,,,,,,,,,,,,,,,,,,,
TN0024121,Cleveland Utilities,Cleveland Utilities STP,Mechanical - Suspended Growth,Bradley,Cleveland,35.311168,-84.799734,06020002,Hiwassee River,Hiwassee River at mile 15.4,M,MW,,,,,,,,,,,,,,,,,,,,,,,,,,,,,,,,,,,,,,,,,,,,,,,,,,,,,,,,,,,,,,,,,,,,,,,,,,,,,,,,,,,,,,,,,,,,,,,,,,,,,,,,,,,,,,,,,
TN0061387,City of Clifton,Clifton STP,Non-Mechanical Lagoon,Wayne,Clifton,35.390152,-87.979316,06040001,Beech River,Tennessee River at mile 157.2,M,MW,,,,,,,,,,,,,,,,,,,,,,,,,,,,,,,,,,,,,,,,,,,,,,,,,,,,,,,,,,,,,,,,,,,,,,,,,,,,,,,,,,,,,,,,,,,,,,,,,,,,,,,,,,,,,,,,,
TN0067423,City of Clifton,Clifton STP #2,Non-Mechanical Lagoon,Wayne,Clifton,35.376784,-87.99661,06040001,Beech River,Tennessee River at mile 157.2,M,MW,,,,,,,,,,,,,,,,,,,,,,,,,,,,,,,,,,,,,,,,,,,,,,,,,,,,,,,,,,,,,,,,,,,,,,,,,,,,,,,,,,,,,,,,,,,,,,,,,,,,,,,,,,,,,,,,,
TN0026506,Clinton Utilities Board,Clinton WWTP #1,Mechanical - Suspended/Attached,Anderson,Clinton,36.08611,-84.15527,06010207,Lower Clinch River,Clinch River Mile 56.9,M,MW,,,,,,,,,,,,,,,,,,,,,,,,,,,,,,,,,,,,,,,,,,,,,,,,,,,,,,,,,,,,,,,,,,,,,,,,,,,,,,,,,,,,,,,,,,,,,,,,,,,,,,,,,,,,,,,,,
TN0057461,Town of Collierville,Shelton Rd. STP,Mechanical - Suspended Growth,Shelby,Collierville,35.084166,-89.661666,08010210,Wolf River,Wolf River at mile 30.9,M,MW,,,,,,,,,,,,,,,,,,,,,,,,,,,,,,,,,,,,,,,,,,,,,,,,,,,,,,,,,,,,,,,,,,,,,,,,,,,,,,,,,,,,,,,,,,,,,,,,,,,,,,,,,,,,,,,,,
TN0078841,Town of Collierville,Collierville Northwest STP,Mechanical - Suspended Growth,Shelby,Collierville,35.096454,-89.7119,08010210,Wolf River,Wolf River at mile 25.3,M,MW,,,,,,,,,,,,,,,,,,,,,,,,,,,,,,,,,,,,,,,,,,,,,,,,,,,,,,,,,,,,,,,,,,,,,,,,,,,,,,,,,,,,,,,,,,,,,,,,,,,,,,,,,,,,,,,,,
TN0056103,City of Columbia,Columbia STP,Mechanical - Suspended Growth,Maury,Columbia,35.639167,-87.085556,06040003,Lower Duck River,Duck River at mile 127.2,M,MW,,,,,,,,,,,,,,,,,,,,,,,,,,,,,,,,,,,,,,,,,,,,,,,,,,,,,,,,,,,,,,,,,,,,,,,,,,,,,,,,,,,,,,,,,,,,,,,,,,,,,,,,,,,,,,,,,
TN0024198,City of Cookeville,Cookeville Municipal POTW,Mechanical - Suspended Growth,Putnam,Cookeville,36.107984,-85.503375,05130108,Caney,Pigeon Roost Creek at mile 2.3,M,MW,,,,,,,,,,,,,,,,,,,,,,,,,,,,,,,,,,,,,,,,,,,,,,,,,,,,,,,,,,,,,,,,,,,,,,,,,,,,,,,,,,,,,,,,,,,,,,,,,,,,,,,,,,,,,,,,,
TN0024449,City of Copperhill,Copperhill STP,Mechanical - Suspended Growth,Polk,Copperhill,34.991525,-84.381386,06020003,Ocoee River,Ocoee River at mile 37.0,M,MW,,,,,,,,,,,,,,,,,,,,,,,,,,,,,,,,,,,,,,,,,,,,,,,,,,,,,,,,,,,,,,,,,,,,,,,,,,,,,,,,,,,,,,,,,,,,,,,,,,,,,,,,,,,,,,,,,
TN0061841,Lewisburg Water and Sewer Department,Cornersville STP,Mechanical - Suspended Growth,Marshall,Cornersville,35.332472,-86.843491,06030004,Lower Elk River,Town Creek mile 0.9,M,MW,,,,,,,,,,,,,,,,,,,,,,,,,,,,,,,,,,,,,,,,,,,,,,,,,,,,,,,,,,,,,,,,,,,,,,,,,,,,,,,,,,,,,,,,,,,,,,,,,,,,,,,,,,,,,,,,,
TN0020982,City of Covington,Covington STP,Mechanical - Suspended Growth,Tipton,Covington,35.620472,-89.611912,08010208,Lower Hatchie River,unnamed tributary at mile 0.02 to Hatchie River at mile 35.2,M,MW,,,,,,,,,,,,,,,,,,,,,,,,,,,,,,,,,,,,,,,,,,,,,,,,,,,,,,,,,,,,,,,,,,,,,,,,,,,,,,,,,,,,,,,,,,,,,,,,,,,,,,,,,,,,,,,,,
TN0021644,City of Cowan,Cowan STP,Mechanical - Suspended Growth,Franklin,Cowan,35.157347,-86.020862,06030003,Upper Elk River,Boiling Fork Creek at mile 13.4,M,MW,,,,,,,,,,,,,,,,,,,,,,,,,,,,,,,,,,,,,,,,,,,,,,,,,,,,,,,,,,,,,,,,,,,,,,,,,,,,,,,,,,,,,,,,,,,,,,,,,,,,,,,,,,,,,,,,,
TN0068594,Cumberland Point Condominium Property Owners Association,,Mechanical - Suspended Growth,Cumberland,Crab Orchard,35.888367,-84.858662,06010201,Watts Bar Lake,Headwaters of Berks Creek to Fall Creek at mile 3.6,M,MW,,,,,,,,,,,,,,,,,,,,,,,,,,,,,,,,,,,,,,,,,,,,,,,,,,,,,,,,,,,,,,,,,,,,,,,,,,,,,,,,,,,,,,,,,,,,,,,,,,,,,,,,,,,,,,,,,
TN0024988,Town of Alamo,Alamo STP,Mechanical - Suspended Growth,Crockett,Crockett,35.797665,-89.117787,08010204,North Fork Forked Deer River,Unnamed tributary to Buck Creek at mile 4.5 then to the Forked Deer at mile 118,M,MW,,,,,,,,,,,,,,,,,,,,,,,,,,,,,,,,,,,,,,,,,,,,,,,,,,,,,,,,,,,,,,,,,,,,,,,,,,,,,,,,,,,,,,,,,,,,,,,,,,,,,,,,,,,,,,,,,
TN0024996,City of Crossville,Crossville STP,Mechanical - Suspended Growth,Cumberland,Crossville,35.961651,-85.049368,06010208,Emory River,Obed River at mile 38.6,M,MW,,,,,,,,,,,,,,,,,,,,,,,,,,,,,,,,,,,,,,,,,,,,,,,,,,,,,,,,,,,,,,,,,,,,,,,,,,,,,,,,,,,,,,,,,,,,,,,,,,,,,,,,,,,,,,,,,
TN0025119,Town of Cumberland City,Cumberland City Wastewater Lagoon,Non-Mechanical Lagoon,Stewart,Cumberland City,36.3947,-87.6322,05130205,Lake Barkley,Cumberland River at mile 104.5,M,MW,,,,,,,,,,,,,,,,,,,,,,,,,,,,,,,,,,,,,,,,,,,,,,,,,,,,,,,,,,,,,,,,,,,,,,,,,,,,,,,,,,,,,,,,,,,,,,,,,,,,,,,,,,,,,,,,,
TN0060747,Town of Cumberland Gap,Cumberland Gap STP,Mechanical - Suspended Growth,Claiborne,Cumberland Gap,36.598333,-83.669444,06010206,Powell River,Gap Creek at mile 8.7,M,MW,,,,,,,,,,,,,,,,,,,,,,,,,,,,,,,,,,,,,,,,,,,,,,,,,,,,,,,,,,,,,,,,,,,,,,,,,,,,,,,,,,,,,,,,,,,,,,,,,,,,,,,,,,,,,,,,,
TN0021245,Town of Dandridge,Dandridge STP,Mechanical - Suspended Growth,Jefferson,Dandridge,36.017369,-83.409781,06010107,Lower French Broad River,Douglas Lake at French Broad River mile 45.5,M,MW,,,,,,,,,,,,,,,,,,,,,,,,,,,,,,,,,,,,,,,,,,,,,,,,,,,,,,,,,,,,,,,,,,,,,,,,,,,,,,,,,,,,,,,,,,,,,,,,,,,,,,,,,,,,,,,,,
TN0078131,"Harbor Crest Homeowner's Association, Inc. d/b/a Harbor Crest Condominium Association",,Mechanical - Attached Growth,Jefferson,Dandridge,35.966666,-83.475,06010107,Lower French Broad River,French Broad River at mile 38.01,M,MW,,,,,,,,,,,,,,,,,,,,,,,,,,,,,,,,,,,,,,,,,,,,,,,,,,,,,,,,,,,,,,,,,,,,,,,,,,,,,,,,,,,,,,,,,,,,,,,,,,,,,,,,,,,,,,,,,
TN0020478,City of Dayton,Dayton STP,Mechanical - Suspended Growth,Rhea,Dayton,35.48555,-85.016269,06020001,Lower Tennessee River,Tennessee River at mile 504,M,MW,,,,,,,,,,,,,,,,,,,,,,,,,,,,,,,,,,,,,,,,,,,,,,,,,,,,,,,,,,,,,,,,,,,,,,,,,,,,,,,,,,,,,,,,,,,,,,,,,,,,,,,,,,,,,,,,,
TN0058521,Town of Decatur,Decatur STP,Mechanical - Suspended Growth,Meigs,Decatur,35.492418,-84.822176,06020001,Lower Tennessee River,Tennessee River at mile 514.8,M,MW,,,,,,,,,,,,,,,,,,,,,,,,,,,,,,,,,,,,,,,,,,,,,,,,,,,,,,,,,,,,,,,,,,,,,,,,,,,,,,,,,,,,,,,,,,,,,,,,,,,,,,,,,,,,,,,,,
TN0022985,Town of Decaturville,Decaturville WWTP,Mechanical - Suspended Growth,Decatur,Decaturville,35.571414,-88.113772,06040001,Beech River,Rushing Creek at mile 5.5,M,MW,,,,,,,,,,,,,,,,,,,,,,,,,,,,,,,,,,,,,,,,,,,,,,,,,,,,,,,,,,,,,,,,,,,,,,,,,,,,,,,,,,,,,,,,,,,,,,,,,,,,,,,,,,,,,,,,,
TN0020508,City of Decherd,Decherd Water Works STP,Mechanical - Suspended Growth,Franklin,Decherd,35.203168,-86.078789,06030003,Upper Elk River,Wagner Creek at mile 2.4,M,MW,,,,,,,,,,,,,,,,,,,,,,,,,,,,,,,,,,,,,,,,,,,,,,,,,,,,,,,,,,,,,,,,,,,,,,,,,,,,,,,,,,,,,,,,,,,,,,,,,,,,,,,,,,,,,,,,,
TN0066958,Water Authority of Dickson County,Jones Creek STP,Mechanical - Suspended Growth,Dickson,Dickson,36.104785,-87.3138,05130204,Harpeth River,Jones Creek at mile 21.7,M,MW,,,,,,,,,,,,,,,,,,,,,,,,,,,,,,,,,,,,,,,,,,,,,,,,,,,,,,,,,,,,,,,,,,,,,,,,,,,,,,,,,,,,,,,,,,,,,,,,,,,,,,,,,,,,,,,,,
TN0022667,Town of Dover,Dover STP,Mechanical - Suspended Growth,Stewart,Dover,36.487505,-87.843502,05130205,Lake Barkley,Barkley Reservoir at Cumberland River mile 88.6,M,MW,,,,,,,,,,,,,,,,,,,,,,,,,,,,,,,,,,,,,,,,,,,,,,,,,,,,,,,,,,,,,,,,,,,,,,,,,,,,,,,,,,,,,,,,,,,,,,,,,,,,,,,,,,,,,,,,,
TN0021717,City of Dresden,Printing Factory Wastewater Lagoon,Non-Mechanical Lagoon,Weakley,Dresden,36.252069,-88.651875,08010203,South Fork Obion River,Middle Fork-Obion River at mile 18.3,M,MW,,,,,,,,,,,,,,,,,,,,,,,,,,,,,,,,,,,,,,,,,,,,,,,,,,,,,,,,,,,,,,,,,,,,,,,,,,,,,,,,,,,,,,,,,,,,,,,,,,,,,,,,,,,,,,,,,
TN0062286,City of Dresden,Dresden Lagoon STP,Non-Mechanical Lagoon,Weakley,Dresden,36.294971,-88.7171,08010203,South Fork Obion River,Middle Fork Obion River at mile 14.6,M,MW,,,,,,,,,,,,,,,,,,,,,,,,,,,,,,,,,,,,,,,,,,,,,,,,,,,,,,,,,,,,,,,,,,,,,,,,,,,,,,,,,,,,,,,,,,,,,,,,,,,,,,,,,,,,,,,,,
TN0059358,Copper Basin Utility District,Copper Basin U.D. STP,Mechanical - Suspended Growth,Polk,Ducktown,35.031742,-84.3974,06020003,Ocoee River,Ocoee River at mile 33.1,M,MW,,,,,,,,,,,,,,,,,,,,,,,,,,,,,,,,,,,,,,,,,,,,,,,,,,,,,,,,,,,,,,,,,,,,,,,,,,,,,,,,,,,,,,,,,,,,,,,,,,,,,,,,,,,,,,,,,
TN0021946,City of Dunlap,Dunlap STP,Mechanical - Suspended Growth,Sequatchie,Dunlap,35.366807,-85.383738,06020004,Sequatchie River,Sequatchie River at mile 43.9,M,MW,,,,,,,,,,,,,,,,,,,,,,,,,,,,,,,,,,,,,,,,,,,,,,,,,,,,,,,,,,,,,,,,,,,,,,,,,,,,,,,,,,,,,,,,,,,,,,,,,,,,,,,,,,,,,,,,,
TN0021563,City of Dyer,Dyer STP,Mechanical - Suspended Growth,Gibson,Dyer,36.071854,-89.005164,08010204,North Fork Forked Deer River,Sand Creek at mile 1.6,M,MW,,,,,,,,,,,,,,,,,,,,,,,,,,,,,,,,,,,,,,,,,,,,,,,,,,,,,,,,,,,,,,,,,,,,,,,,,,,,,,,,,,,,,,,,,,,,,,,,,,,,,,,,,,,,,,,,,
TN0023477,City of Dyersburg,Dyersburg STP,Mechanical - Suspended Growth,Dyer,Dyersburg,36.029166,-89.418055,08010204,North Fork Forked Deer River,North Fork Forked Deer River at mile 2.8,M,MW,,,,,,,,,,,,,,,,,,,,,,,,,,,,,,,,,,,,,,,,,,,,,,,,,,,,,,,,,,,,,,,,,,,,,,,,,,,,,,,,,,,,,,,,,,,,,,,,,,,,,,,,,,,,,,,,,
TN0023515,City of Elizabethton,Elizabethton STP,Mechanical - Suspended Growth,Carter,Elizabethton,36.353467,-82.249018,06010103,Watuaga River,Watauga River at mile 24.3,M,MW,,,,,,,,,,,,,,,,,,,,,,,,,,,,,,,,,,,,,,,,,,,,,,,,,,,,,,,,,,,,,,,,,,,,,,,,,,,,,,,,,,,,,,,,,,,,,,,,,,,,,,,,,,,,,,,,,
TN0076007,City of Elkton,Elkton STP,Mechanical - Attached Growth,Giles,Elkton,35.058295,-86.886988,06030003,Upper Elk River,Elk River at mile 49.2,M,MW,,,,,,,,,,,,,,,,,,,,,,,,,,,,,,,,,,,,,,,,,,,,,,,,,,,,,,,,,,,,,,,,,,,,,,,,,,,,,,,,,,,,,,,,,,,,,,,,,,,,,,,,,,,,,,,,,
TN0021938,Town of Englewood,Englewood STP,Mechanical - Suspended Growth,McMinn,Englewood,35.416944,-84.489722,06020002,Hiwassee River,Chestuee Creek Mile 42.4,M,MW,,,,,,,,,,,,,,,,,,,,,,,,,,,,,,,,,,,,,,,,,,,,,,,,,,,,,,,,,,,,,,,,,,,,,,,,,,,,,,,,,,,,,,,,,,,,,,,,,,,,,,,,,,,,,,,,,
TN0064882,City of Erin,Erin STP,Mechanical - Suspended Growth,Houston,Erin,36.367251,-87.654095,05130205,Lake Barkley,Cumberland River at mile 103.7,M,MW,,,,,,,,,,,,,,,,,,,,,,,,,,,,,,,,,,,,,,,,,,,,,,,,,,,,,,,,,,,,,,,,,,,,,,,,,,,,,,,,,,,,,,,,,,,,,,,,,,,,,,,,,,,,,,,,,
TN0023001,Erwin Utilities Authority,Erwin STP,Mechanical - Attached Growth,Unicoi,Erwin,36.143212,-82.425589,06010108,Nolichucky,Nolichucky River at mile 94.4,M,MW,,,,,,,,,,,,,,,,,,,,,,,,,,,,,,,,,,,,,,,,,,,,,,,,,,,,,,,,,,,,,,,,,,,,,,,,,,,,,,,,,,,,,,,,,,,,,,,,,,,,,,,,,,,,,,,,,
TN0063771,City of Etowah,Etowah STP,Mechanical - Suspended Growth,McMinn,Etowah,35.280996,-84.556058,06020002,Hiwassee River,Conasauga Creek at mile 8.0,M,MW,,,,,,,,,,,,,,,,,,,,,,,,,,,,,,,,,,,,,,,,,,,,,,,,,,,,,,,,,,,,,,,,,,,,,,,,,,,,,,,,,,,,,,,,,,,,,,,,,,,,,,,,,,,,,,,,,
TN0062332,Water Authority of Dickson County,Fairview STP,Mechanical - Suspended Growth,Williamson,Fairview,36.021977,-87.112095,05130204,Harpeth River,Flatrock Branch at mile 2.15,M,MW,,,,,,,,,,,,,,,,,,,,,,,,,,,,,,,,,,,,,,,,,,,,,,,,,,,,,,,,,,,,,,,,,,,,,,,,,,,,,,,,,,,,,,,,,,,,,,,,,,,,,,,,,,,,,,,,,
TN0023353,First Utility District of Knox County,Turkey Creek STP,Mechanical - Suspended Growth,Knox,Farragut,35.8628,-84.1442,06010201,Watts Bar Lake,Tennessee River (Ft. Loudoun Reservoir) at mile 616.5,M,MW,,,,,,,,,,,,,,,,,,,,,,,,,,,,,,,,,,,,,,,,,,,,,,,,,,,,,,,,,,,,,,,,,,,,,,,,,,,,,,,,,,,,,,,,,,,,,,,,,,,,,,,,,,,,,,,,,
TN0021814,Fayetteville Public Utilities (FPU),Fayetteville STP,Mechanical - Suspended Growth,Lincoln,Fayetteville,35.141667,-86.566667,06030003,Upper Elk River,Elk River at mile 90.0,M,MW,,,,,,,,,,,,,,,,,,,,,,,,,,,,,,,,,,,,,,,,,,,,,,,,,,,,,,,,,,,,,,,,,,,,,,,,,,,,,,,,,,,,,,,,,,,,,,,,,,,,,,,,,,,,,,,,,
TN0021296,"CH2M HILL Constructors, Inc.",CH2M HILL WWTP,Mechanical - Suspended Growth,Montgomery,Fort Campbell,36.61104,-87.46233,05130206,Red River,Little West Fork Creek at mile 10.4,M,MW,,,,,,,,,,,,,,,,,,,,,,,,,,,,,,,,,,,,,,,,,,,,,,,,,,,,,,,,,,,,,,,,,,,,,,,,,,,,,,,,,,,,,,,,,,,,,,,,,,,,,,,,,,,,,,,,,
TN0027278,"Limestone Water Utility Operating Company, LLC",Grassland STP,Mechanical - Suspended Growth,Williamson,Franklin,36.010178,-86.894733,05130204,Harpeth River,Harpeth River at mile 68.8,M,MW,,,,,,,,,,,,,,,,,,,,,,,,,,,,,,,,,,,,,,,,,,,,,,,,,,,,,,,,,,,,,,,,,,,,,,,,,,,,,,,,,,,,,,,,,,,,,,,,,,,,,,,,,,,,,,,,,
TN0028827,City of Franklin,Franklin Water Reclamation Facility (WRF),Mechanical - Suspended Growth,Williamson,Franklin,35.94345,-86.86879,05130204,Harpeth River,Harpeth River at at mile 85.2,M,"MW, RU",,,,,,,,,,,,,,,,,,,,,,,,,,,,,,,,,,,,,,,,,,,,,,,,,,,,,,,,,,,,,,,,,,,,,,,,,,,,,,,,,,,,,,,,,,,,,,,,,,,,,,,,,,,,,,,,,
TN0029718,"Berry's Chapel Utility, Inc.",Berry's Chapel Utility STP,Mechanical - Suspended Growth,Williamson,Franklin,35.97471,-86.91213,05130204,Harpeth River,Harpeth River at mile 77.9,M,MW,,,,,,,,,,,,,,,,,,,,,,,,,,,,,,,,,,,,,,,,,,,,,,,,,,,,,,,,,,,,,,,,,,,,,,,,,,,,,,,,,,,,,,,,,,,,,,,,,,,,,,,,,,,,,,,,,
TN0026581,Town of Gainesboro,Gainesboro STP,Mechanical - Suspended Growth,Jackson,Gainesboro,36.373333,-85.656111,05130106,Cordell Hull Reservoir,Cumberland River at mile 357.3,M,MW,,,,,,,,,,,,,,,,,,,,,,,,,,,,,,,,,,,,,,,,,,,,,,,,,,,,,,,,,,,,,,,,,,,,,,,,,,,,,,,,,,,,,,,,,,,,,,,,,,,,,,,,,,,,,,,,,
TN0020141,Gallatin Public Utilities,Gallatin STP,Mechanical - Suspended Growth,Sumner,Gallatin,36.335194,-86.462698,05130201,Old Hickory Lake,Cumberland River (Old Hickory Reservoir) at mile 237.9,M,MW,,,,,,,,,,,,,,,,,,,,,,,,,,,,,,,,,,,,,,,,,,,,,,,,,,,,,,,,,,,,,,,,,,,,,,,,,,,,,,,,,,,,,,,,,,,,,,,,,,,,,,,,,,,,,,,,,
TN0062138,City of Gallaway,Gallaway STP,Aerated Lagoon,Fayette,Gallaway,35.312225,-89.618256,08010209,Loosahatchie,Loosahatchie River at mile 34.7,M,MW,,,,,,,,,,,,,,,,,,,,,,,,,,,,,,,,,,,,,,,,,,,,,,,,,,,,,,,,,,,,,,,,,,,,,,,,,,,,,,,,,,,,,,,,,,,,,,,,,,,,,,,,,,,,,,,,,
TN0020117,City of Gatlinburg,Gatlinburg STP,Mechanical - Attached Growth,Sevier,Gatlinburg,35.735458,-83.522716,06010107,Lower French Broad River,West Prong of the Little Pigeon River Mile 16.4,M,MW,,,,,,,,,,,,,,,,,,,,,,,,,,,,,,,,,,,,,,,,,,,,,,,,,,,,,,,,,,,,,,,,,,,,,,,,,,,,,,,,,,,,,,,,,,,,,,,,,,,,,,,,,,,,,,,,,
TN0055310,Webb Creek Utility District,Webb Creek STP,Mechanical - Suspended Growth,Sevier,Gatlinburg,35.714259,-83.510164,06010107,Lower French Broad River,Webb Creek at mile 2.8,M,MW,,,,,,,,,,,,,,,,,,,,,,,,,,,,,,,,,,,,,,,,,,,,,,,,,,,,,,,,,,,,,,,,,,,,,,,,,,,,,,,,,,,,,,,,,,,,,,,,,,,,,,,,,,,,,,,,,
TN0062294,City of Gleason,Gleason STP,Non-Mechanical Lagoon,Weakley,Gleason,36.233503,-88.604926,08010203,South Fork Obion River,Middle Fork Obion River at mile 21.3,M,MW,,,,,,,,,,,,,,,,,,,,,,,,,,,,,,,,,,,,,,,,,,,,,,,,,,,,,,,,,,,,,,,,,,,,,,,,,,,,,,,,,,,,,,,,,,,,,,,,,,,,,,,,,,,,,,,,,
TN0022560,City of Grand Junction,Municipal Oxidation Pond,Non-Mechanical Lagoon,Hardeman,Grand Junction,35.032696,-89.185619,08010210,Wolf River,Sandy Branch at mile 3.0,M,MW,,,,,,,,,,,,,,,,,,,,,,,,,,,,,,,,,,,,,,,,,,,,,,,,,,,,,,,,,,,,,,,,,,,,,,,,,,,,,,,,,,,,,,,,,,,,,,,,,,,,,,,,,,,,,,,,,
TN0028789,City of Johnson City,Regional WWTP,Mechanical - Suspended Growth,Washington,Gray,36.444703,-82.445573,06010102,South Fork Holston River,South Fork Holston River Mile 18.0 (Fort Patrick Henry Lake),M,MW,,,,,,,,,,,,,,,,,,,,,,,,,,,,,,,,,,,,,,,,,,,,,,,,,,,,,,,,,,,,,,,,,,,,,,,,,,,,,,,,,,,,,,,,,,,,,,,,,,,,,,,,,,,,,,,,,
TN0062316,"Foothills Pointe Owners' Association, Inc.",,Non-Mechanical Wetlands,Loudon,Greenback,35.648689,-84.230473,06010204,Little Tennessee River,Tellico Reservoir (Little Tennessee River) at mile 13.4,M,MW,,,,,,,,,,,,,,,,,,,,,,,,,,,,,,,,,,,,,,,,,,,,,,,,,,,,,,,,,,,,,,,,,,,,,,,,,,,,,,,,,,,,,,,,,,,,,,,,,,,,,,,,,,,,,,,,,
TN0020621,City of Greenbrier,Greenbrier STP,Mechanical - Suspended Growth,Robertson,Greenbrier,36.42898,-86.823128,05130206,Red River,unnamed tributary at mile 0.5 to Carr Creek at mile 10.3,M,MW,,,,,,,,,,,,,,,,,,,,,,,,,,,,,,,,,,,,,,,,,,,,,,,,,,,,,,,,,,,,,,,,,,,,,,,,,,,,,,,,,,,,,,,,,,,,,,,,,,,,,,,,,,,,,,,,,
TN0021229,Town of Greeneville,Denzil Bowman Wastewater Treatment Plant,Mechanical - Suspended Growth,Greene,Greeneville,36.109407,-82.83971,06010108,Nolichucky,Davy Crockett Reservoir at Nolichucky River mile 47.5,M,MW,,,,,,,,,,,,,,,,,,,,,,,,,,,,,,,,,,,,,,,,,,,,,,,,,,,,,,,,,,,,,,,,,,,,,,,,,,,,,,,,,,,,,,,,,,,,,,,,,,,,,,,,,,,,,,,,,
TN0062065,City of Greenfield,Greenfield Wastewater Lagoon,Non-Mechanical Lagoon,Weakley,Greenfield,36.161963,-88.814861,08010203,South Fork Obion River,Middle Fork Obion River at mile 7.3,M,MW,,,,,,,,,,,,,,,,,,,,,,,,,,,,,,,,,,,,,,,,,,,,,,,,,,,,,,,,,,,,,,,,,,,,,,,,,,,,,,,,,,,,,,,,,,,,,,,,,,,,,,,,,,,,,,,,,
TN0057291,Town of Halls,Municipal Lagoon,Aerated Lagoon,Lauderdale,Halls,35.8878,-89.3893,08010205,South Fork Forked Deer River,South Fork Forked Deer River at mile 10.8,M,MW,,,,,,,,,,,,,,,,,,,,,,,,,,,,,,,,,,,,,,,,,,,,,,,,,,,,,,,,,,,,,,,,,,,,,,,,,,,,,,,,,,,,,,,,,,,,,,,,,,,,,,,,,,,,,,,,,
TN0025437,City of Harriman,Harriman STP,Mechanical - Suspended Growth,Roane,Harriman,35.940833,-84.535833,06010208,Emory River,Outfall 001 -Tennessee River at mile 567 or Outfall 002 - Emory River (10.5),M,MW,,,,,,,,,,,,,,,,,,,,,,,,,,,,,,,,,,,,,,,,,,,,,,,,,,,,,,,,,,,,,,,,,,,,,,,,,,,,,,,,,,,,,,,,,,,,,,,,,,,,,,,,,,,,,,,,,
TN0030899,Hartsville-Trousdale County Water/Sewer Utility District,Hartsville STP,Mechanical - Suspended Growth,Trousdale,Hartsville,36.3743,-86.17737,05130201,Old Hickory Lake,Cumberland River (Old Hickory Reservoir) at mile 278.6,M,MW,,,,,,,,,,,,,,,,,,,,,,,,,,,,,,,,,,,,,,,,,,,,,,,,,,,,,,,,,,,,,,,,,,,,,,,,,,,,,,,,,,,,,,,,,,,,,,,,,,,,,,,,,,,,,,,,,
TN0060186,Town of Huntsville,Helenwood STP,Mechanical - Suspended Growth,Scott,Helenwood,36.425822,-84.543246,05130104,South Fork Cumberland River,Phillips Creek Mile 4.1,M,MW,,,,,,,,,,,,,,,,,,,,,,,,,,,,,,,,,,,,,,,,,,,,,,,,,,,,,,,,,,,,,,,,,,,,,,,,,,,,,,,,,,,,,,,,,,,,,,,,,,,,,,,,,,,,,,,,,
TN0026026,City of Henderson,East Wastewater Lagoon,Non-Mechanical Lagoon,Chester,Henderson,35.451564,-88.608599,08010205,South Fork Forked Deer River,South Fork Forked Deer River Mile 73.2,M,MW,,,,,,,,,,,,,,,,,,,,,,,,,,,,,,,,,,,,,,,,,,,,,,,,,,,,,,,,,,,,,,,,,,,,,,,,,,,,,,,,,,,,,,,,,,,,,,,,,,,,,,,,,,,,,,,,,
TN0064220,City of Henderson,North Lagoon,Non-Mechanical Lagoon,Chester,Henderson,35.470605,-88.684137,08010205,South Fork Forked Deer River,South Fork Forked Deer River Mile 67.3,M,MW,,,,,,,,,,,,,,,,,,,,,,,,,,,,,,,,,,,,,,,,,,,,,,,,,,,,,,,,,,,,,,,,,,,,,,,,,,,,,,,,,,,,,,,,,,,,,,,,,,,,,,,,,,,,,,,,,
TN0064238,City of Henderson,South Lagoon,Non-Mechanical Lagoon,Chester,Henderson,35.434951,-88.631626,08010205,South Fork Forked Deer River,South Fork Forked Deer River Mile 74.9,M,MW,,,,,,,,,,,,,,,,,,,,,,,,,,,,,,,,,,,,,,,,,,,,,,,,,,,,,,,,,,,,,,,,,,,,,,,,,,,,,,,,,,,,,,,,,,,,,,,,,,,,,,,,,,,,,,,,,
TN0060232,White House Utility District,Tanasi Shores WWTP,Mechanical - Suspended Growth,Sumner,Hendersonville,36.30611,-86.53083,05130201,Old Hickory Lake,Cumberland River at river mile 230,M,MW,,,,,,,,,,,,,,,,,,,,,,,,,,,,,,,,,,,,,,,,,,,,,,,,,,,,,,,,,,,,,,,,,,,,,,,,,,,,,,,,,,,,,,,,,,,,,,,,,,,,,,,,,,,,,,,,,
TN0025011,Town of Henning,Henning Wastewater Lagoon,Non-Mechanical Lagoon,Lauderdale,Henning,35.666667,-89.578056,08010208,Lower Hatchie River,Alston Creek at mile 3.6 to Hatchie River at mile 35.2,M,MW,,,,,,,,,,,,,,,,,,,,,,,,,,,,,,,,,,,,,,,,,,,,,,,,,,,,,,,,,,,,,,,,,,,,,,,,,,,,,,,,,,,,,,,,,,,,,,,,,,,,,,,,,,,,,,,,,
TN0062588,Humboldt Board of Public Utilities,Humboldt Wastewater Treatment Plant,Mechanical - Suspended/Attached,Gibson,Humboldt,35.815104,-88.926978,08010204,North Fork Forked Deer River,Middle Fork Forked Deer River at mile 23.4,M,MW,,,,,,,,,,,,,,,,,,,,,,,,,,,,,,,,,,,,,,,,,,,,,,,,,,,,,,,,,,,,,,,,,,,,,,,,,,,,,,,,,,,,,,,,,,,,,,,,,,,,,,,,,,,,,,,,,
TN0026166,Town of Huntingdon,"Hwy 22 Wastewater Lagoon
",Non-Mechanical Lagoon,Carroll,Huntingdon,36.008542,-88.443463,08010203,South Fork Obion River,Beaver Creek at mile 4.2,M,MW,,,,,,,,,,,,,,,,,,,,,,,,,,,,,,,,,,,,,,,,,,,,,,,,,,,,,,,,,,,,,,,,,,,,,,,,,,,,,,,,,,,,,,,,,,,,,,,,,,,,,,,,,,,,,,,,,
TN0026174,Town of Huntingdon,Barnett Street Wastewater Lagoon,Non-Mechanical Lagoon,Carroll,Huntingdon,35.997509,-88.413244,08010203,South Fork Obion River,Beaver Creek Mile 6.8,M,MW,,,,,,,,,,,,,,,,,,,,,,,,,,,,,,,,,,,,,,,,,,,,,,,,,,,,,,,,,,,,,,,,,,,,,,,,,,,,,,,,,,,,,,,,,,,,,,,,,,,,,,,,,,,,,,,,,
TN0020753,Town of Huntsville,Huntsville STP,Mechanical - Suspended/Attached,Scott,Huntsville,36.405278,-84.497778,05130104,South Fork Cumberland River,New River at mile 14.8,M,MW,,,,,,,,,,,,,,,,,,,,,,,,,,,,,,,,,,,,,,,,,,,,,,,,,,,,,,,,,,,,,,,,,,,,,,,,,,,,,,,,,,,,,,,,,,,,,,,,,,,,,,,,,,,,,,,,,
TN0024813,Jackson Energy Authority (JEA),Miller Avenue STP,Mechanical - Suspended Growth,Madison,Jackson,35.639429,-88.86404,08010205,South Fork Forked Deer River,South Fork Forked Deer River at mile 50.8 (Outfall 001) and South Fork Forked Deer River at mile 51.1 (Outfall 002),M,MW,,,,,,,,,,,,,,,,,,,,,,,,,,,,,,,,,,,,,,,,,,,,,,,,,,,,,,,,,,,,,,,,,,,,,,,,,,,,,,,,,,,,,,,,,,,,,,,,,,,,,,,,,,,,,,,,,
TN0075876,Jackson Energy Authority (JEA),Middle Fork STP,Mechanical - Suspended Growth,Madison,Jackson,35.75052,-88.874024,08010204,North Fork Forked Deer River,Middle Fork Forked Deer River at mile 29.1,M,MW,,,,,,,,,,,,,,,,,,,,,,,,,,,,,,,,,,,,,,,,,,,,,,,,,,,,,,,,,,,,,,,,,,,,,,,,,,,,,,,,,,,,,,,,,,,,,,,,,,,,,,,,,,,,,,,,,
TN0062634,City of Jamestown,Jamestown STP,Mechanical - Suspended Growth,Fentress,Jamestown,36.420705,-84.945773,05130105,Obey River,Rockcastle Creek at mile 4.75,M,MW,,,,,,,,,,,,,,,,,,,,,,,,,,,,,,,,,,,,,,,,,,,,,,,,,,,,,,,,,,,,,,,,,,,,,,,,,,,,,,,,,,,,,,,,,,,,,,,,,,,,,,,,,,,,,,,,,
TN0054585,Town of Jasper,Jasper STP,Aerated Lagoon,Marion,Jasper,35.046202,-85.644026,06030001,Guntersville Lake,Tennessee River Mile 421.5 (Guntersville Lake),M,MW,,,,,,,,,,,,,,,,,,,,,,,,,,,,,,,,,,,,,,,,,,,,,,,,,,,,,,,,,,,,,,,,,,,,,,,,,,,,,,,,,,,,,,,,,,,,,,,,,,,,,,,,,,,,,,,,,
TN0021199,Jefferson City,Jefferson City STP,Mechanical - Attached Growth,Jefferson,Jefferson City,36.128786,-83.502636,06010104,Holston River,Mossy Creek Embayment at mile 3.0 of Cherokee Lake,M,MW,,,,,,,,,,,,,,,,,,,,,,,,,,,,,,,,,,,,,,,,,,,,,,,,,,,,,,,,,,,,,,,,,,,,,,,,,,,,,,,,,,,,,,,,,,,,,,,,,,,,,,,,,,,,,,,,,
TN0022861,Jellico Utilities Authority,Jellico STP,Mechanical - Suspended Growth,Campbell,Jellico,36.589326,-84.133798,05130101,Upper Cumberland River,Elk Fork Creek mile 2.1,M,MW,,,,,,,,,,,,,,,,,,,,,,,,,,,,,,,,,,,,,,,,,,,,,,,,,,,,,,,,,,,,,,,,,,,,,,,,,,,,,,,,,,,,,,,,,,,,,,,,,,,,,,,,,,,,,,,,,
TN0024236,Johnson City,Knob Creek STP,Mechanical - Suspended Growth,Washington,Johnson City,36.377429,-82.360043,06010103,Watuaga River,Watauga River at mile 11.3,M,MW,,,,,,,,,,,,,,,,,,,,,,,,,,,,,,,,,,,,,,,,,,,,,,,,,,,,,,,,,,,,,,,,,,,,,,,,,,,,,,,,,,,,,,,,,,,,,,,,,,,,,,,,,,,,,,,,,
TN0024244,Johnson City,Brush Creek WWTP,Mechanical - Suspended Growth,Washington,Johnson City,36.3725,-82.316111,06010103,Watuaga River,Watauga River Mile 16.4,M,MW,,,,,,,,,,,,,,,,,,,,,,,,,,,,,,,,,,,,,,,,,,,,,,,,,,,,,,,,,,,,,,,,,,,,,,,,,,,,,,,,,,,,,,,,,,,,,,,,,,,,,,,,,,,,,,,,,
TN0081175,Town of Jonesborough,Jonesborough STP,Mechanical - Suspended Growth,Washington,Jonesborough,36.198651,-82.493028,06010108,Nolichucky,Nolichucky River at mile 84.5,M,MW,,,,,,,,,,,,,,,,,,,,,,,,,,,,,,,,,,,,,,,,,,,,,,,,,,,,,,,,,,,,,,,,,,,,,,,,,,,,,,,,,,,,,,,,,,,,,,,,,,,,,,,,,,,,,,,,,
TN0062359,Town of Kenton,Kenton Wastewater Lagoon,Non-Mechanical Lagoon,Obion,Kenton,36.208393,-89.006612,08010203,South Fork Obion River,Rutherford Fork Obion River Mile 4.5,M,MW,,,,,,,,,,,,,,,,,,,,,,,,,,,,,,,,,,,,,,,,,,,,,,,,,,,,,,,,,,,,,,,,,,,,,,,,,,,,,,,,,,,,,,,,,,,,,,,,,,,,,,,,,,,,,,,,,
TN0020095,City of Kingsport,Kingsport STP,Mechanical - Suspended/Attached,Sullivan,Kingsport,36.550277,-82.574444,06010102,South Fork Holston River,South Fork Holston mile 2.2,M,MW,,,,,,,,,,,,,,,,,,,,,,,,,,,,,,,,,,,,,,,,,,,,,,,,,,,,,,,,,,,,,,,,,,,,,,,,,,,,,,,,,,,,,,,,,,,,,,,,,,,,,,,,,,,,,,,,,
TN0061701,City of Kingston,Kingston STP,Mechanical - Suspended Growth,Roane,Kingston,35.850979,-84.51484,06010201,Watts Bar Lake,Clinch River at mile 0.28,M,MW,,,,,,,,,,,,,,,,,,,,,,,,,,,,,,,,,,,,,,,,,,,,,,,,,,,,,,,,,,,,,,,,,,,,,,,,,,,,,,,,,,,,,,,,,,,,,,,,,,,,,,,,,,,,,,,,,
TN0059790,Town of Kingston Springs,Kingston Springs STP,Non-Mechanical Lagoon,Cheatham,Kingston Springs,36.105828,-87.113195,05130204,Harpeth River,Harpeth River at mile 35.8,M,MW,,,,,,,,,,,,,,,,,,,,,,,,,,,,,,,,,,,,,,,,,,,,,,,,,,,,,,,,,,,,,,,,,,,,,,,,,,,,,,,,,,,,,,,,,,,,,,,,,,,,,,,,,,,,,,,,,
TN0021822,Knoxville Utilities Board (KUB),Loves Creek STP,Mechanical - Suspended Growth,Knox,Knoxville,36.009183,-83.829265,06010104,Holston River,Holston River Mile 5.0,M,MW,,,,,,,,,,,,,,,,,,,,,,,,,,,,,,,,,,,,,,,,,,,,,,,,,,,,,,,,,,,,,,,,,,,,,,,,,,,,,,,,,,,,,,,,,,,,,,,,,,,,,,,,,,,,,,,,,
TN0023574,Knoxville Utilities Board (KUB),Fourth Creek WWTP,Mechanical - Suspended Growth,Knox,Knoxville,35.917481,-83.987432,06010201,Watts Bar Lake,Tennessee River at mile 640 (Ft. Loudoun Reservoir),M,MW,,,,,,,,,,,,,,,,,,,,,,,,,,,,,,,,,,,,,,,,,,,,,,,,,,,,,,,,,,,,,,,,,,,,,,,,,,,,,,,,,,,,,,,,,,,,,,,,,,,,,,,,,,,,,,,,,
TN0023582,Knoxville Utilities Board (KUB),Kuwahee STP,Mechanical - Suspended Growth,Knox,Knoxville,35.944444,-83.926667,06010201,Watts Bar Lake,Tennessee River mile 646.2,M,MW,,,,,,,,,,,,,,,,,,,,,,,,,,,,,,,,,,,,,,,,,,,,,,,,,,,,,,,,,,,,,,,,,,,,,,,,,,,,,,,,,,,,,,,,,,,,,,,,,,,,,,,,,,,,,,,,,
TN0059323,Hallsdale Powell Utility District,Raccoon Valley STP,Mechanical - Suspended Growth,Knox,Knoxville,36.099566,-84.0221,06010207,Lower Clinch River,Bull Run Creek at mile 12.6,M,MW,,,,,,,,,,,,,,,,,,,,,,,,,,,,,,,,,,,,,,,,,,,,,,,,,,,,,,,,,,,,,,,,,,,,,,,,,,,,,,,,,,,,,,,,,,,,,,,,,,,,,,,,,,,,,,,,,
TN0060780,"Duncan's Landing Homeowners' Association, Inc.",,Mechanical - Suspended Growth,Knox,Knoxville,35.88759,-83.99176,06010201,Watts Bar Lake,Fort  Loudoun Lake (Tennessee River) at mile 635,M,MW,,,,,,,,,,,,,,,,,,,,,,,,,,,,,,,,,,,,,,,,,,,,,,,,,,,,,,,,,,,,,,,,,,,,,,,,,,,,,,,,,,,,,,,,,,,,,,,,,,,,,,,,,,,,,,,,,
TN0061743,Knoxville Utilities Board (KUB),East Bridge STP,Mechanical - Suspended Growth,Knox,Knoxville,36.055451,-83.739217,06010104,Holston River,Holston River at mile 14.2,M,MW,,,,,,,,,,,,,,,,,,,,,,,,,,,,,,,,,,,,,,,,,,,,,,,,,,,,,,,,,,,,,,,,,,,,,,,,,,,,,,,,,,,,,,,,,,,,,,,,,,,,,,,,,,,,,,,,,
TN0080721,West Knox Utility District (WKUD),Melton Hill POTW,Mechanical - Suspended/Attached,Knox,Knoxville,35.8925,-84.2439,06010207,Lower Clinch River,Clinch River (Melton Hill Reservoir) Mile 28.  Outfall 001 proposed down river from Hickory Creek confluence.  Alteration of the properties of this Exceptional Tennessee Water  (degradation) is allowed per antidegradation demonstration.,M,MW,,,,,,,,,,,,,,,,,,,,,,,,,,,,,,,,,,,,,,,,,,,,,,,,,,,,,,,,,,,,,,,,,,,,,,,,,,,,,,,,,,,,,,,,,,,,,,,,,,,,,,,,,,,,,,,,,
TN0020877,City of Lafayette,Lafayette STP,Mechanical - Suspended Growth,Macon,Lafayette,36.523611,-86.0075,05110002,Barren River,Town Creek at mile 1.3,M,MW,,,,,,,,,,,,,,,,,,,,,,,,,,,,,,,,,,,,,,,,,,,,,,,,,,,,,,,,,,,,,,,,,,,,,,,,,,,,,,,,,,,,,,,,,,,,,,,,,,,,,,,,,,,,,,,,,
TN0080021,Lafollette Utilities Board,Lafollette Utilities Board Wastewater Treatment Plant,Mechanical - Suspended Growth,Campbell,LaFollette,36.369444,-84.109167,06010205,Upper Clinch River,Big Creek at mile 17.7,M,MW,,,,,,,,,,,,,,,,,,,,,,,,,,,,,,,,,,,,,,,,,,,,,,,,,,,,,,,,,,,,,,,,,,,,,,,,,,,,,,,,,,,,,,,,,,,,,,,,,,,,,,,,,,,,,,,,,
TN0078255,City of Lakeland,Scotts Creek Wastewater Treatment Plant (Lakeland STP),Mechanical - Suspended Growth,Shelby,Lakeland,35.27329,-89.74072,08010209,Loosahatchie,Loosahatchie River at mile 24.1,M,MW,,,,,,,,,,,,,,,,,,,,,,,,,,,,,,,,,,,,,,,,,,,,,,,,,,,,,,,,,,,,,,,,,,,,,,,,,,,,,,,,,,,,,,,,,,,,,,,,,,,,,,,,,,,,,,,,,
TN0022551,Lawrenceburg Utility Systems,Lawrenceburg STP,Mechanical - Suspended Growth,Lawrence,Lawrenceburg,35.239166,-87.353055,06030005,Pickwick Lake,Shoal Creek at mile 55.4,M,MW,,,,,,,,,,,,,,,,,,,,,,,,,,,,,,,,,,,,,,,,,,,,,,,,,,,,,,,,,,,,,,,,,,,,,,,,,,,,,,,,,,,,,,,,,,,,,,,,,,,,,,,,,,,,,,,,,
TN0028754,City of Lebanon,Lebanon STP,Mechanical - Suspended Growth,Wilson,Lebanon,36.22921,-86.31773,05130201,Old Hickory Lake,Cumberland River (Old Hickory Reservoir) at mile 252.2,M,"MW, RU",,,,,,,,,,,,,,,,,,,,,,,,,,,,,,,,,,,,,,,,,,,,,,,,,,,,,,,,,,,,,,,,,,,,,,,,,,,,,,,,,,,,,,,,,,,,,,,,,,,,,,,,,,,,,,,,,
TN0020494,Lenoir City Utilities Board,Lenoir City STP,Mechanical - Suspended Growth,Loudon,Lenoir City,35.791024,-84.264475,06010201,Watts Bar Lake,Tennessee River at mile 600.1,M,MW,,,,,,,,,,,,,,,,,,,,,,,,,,,,,,,,,,,,,,,,,,,,,,,,,,,,,,,,,,,,,,,,,,,,,,,,,,,,,,,,,,,,,,,,,,,,,,,,,,,,,,,,,,,,,,,,,
TN0022888,City of Lewisburg,Lewisburg STP,Mechanical - Attached Growth,Marshall,Lewisburg,35.453832,-86.780699,06040002,Upper Duck River,Big Rock Creek at mile 16.8,M,MW,,,,,,,,,,,,,,,,,,,,,,,,,,,,,,,,,,,,,,,,,,,,,,,,,,,,,,,,,,,,,,,,,,,,,,,,,,,,,,,,,,,,,,,,,,,,,,,,,,,,,,,,,,,,,,,,,
TN0024341,"City of Lexington, Utilities Division",Lexington Utilities STP,Mechanical - Suspended Growth,Henderson,Lexington,35.630583,-88.384446,06040001,Beech River,Beech River at mile 29.7,M,MW,,,,,,,,,,,,,,,,,,,,,,,,,,,,,,,,,,,,,,,,,,,,,,,,,,,,,,,,,,,,,,,,,,,,,,,,,,,,,,,,,,,,,,,,,,,,,,,,,,,,,,,,,,,,,,,,,
TN0064394,City of Linden,City of Linden STP,Non-Mechanical Lagoon,Perry,Linden,35.631388,-87.825555,06040004,Buffalo River,Buffalo River at mile 40.0,M,MW,,,,,,,,,,,,,,,,,,,,,,,,,,,,,,,,,,,,,,,,,,,,,,,,,,,,,,,,,,,,,,,,,,,,,,,,,,,,,,,,,,,,,,,,,,,,,,,,,,,,,,,,,,,,,,,,,
TN0021873,Town of Livingston,Livingston STP,Mechanical - Suspended Growth,Overton,Livingston,36.359167,-85.344167,05130106,Cordell Hull Reservoir,Town Creek at mile 0.8,M,MW,,,,,,,,,,,,,,,,,,,,,,,,,,,,,,,,,,,,,,,,,,,,,,,,,,,,,,,,,,,,,,,,,,,,,,,,,,,,,,,,,,,,,,,,,,,,,,,,,,,,,,,,,,,,,,,,,
TN0020818,City of Lobelville,Lobelville STP,Non-Mechanical Lagoon,Perry,Lobelville,35.761944,-87.774444,06040004,Buffalo River,Buffalo River at mile 26,M,MW,,,,,,,,,,,,,,,,,,,,,,,,,,,,,,,,,,,,,,,,,,,,,,,,,,,,,,,,,,,,,,,,,,,,,,,,,,,,,,,,,,,,,,,,,,,,,,,,,,,,,,,,,,,,,,,,,
TN0065501,City of Loretto,Loretto STP,Non-Mechanical Lagoon,Lawrence,Loretto,35.117054,-87.419863,06030005,Pickwick Lake,Shoal Creek at mile 38,M,MW,,,,,,,,,,,,,,,,,,,,,,,,,,,,,,,,,,,,,,,,,,,,,,,,,,,,,,,,,,,,,,,,,,,,,,,,,,,,,,,,,,,,,,,,,,,,,,,,,,,,,,,,,,,,,,,,,
TN0058181,Loudon Utilities Board,Loudon STP,Mechanical - Suspended Growth,Loudon,Loudon,35.738891,-84.327608,06010201,Watts Bar Lake,Watts Bar Reservoir (Tennessee River Mile 591.6),M,MW,,,,,,,,,,,,,,,,,,,,,,,,,,,,,,,,,,,,,,,,,,,,,,,,,,,,,,,,,,,,,,,,,,,,,,,,,,,,,,,,,,,,,,,,,,,,,,,,,,,,,,,,,,,,,,,,,
TN0064149,City of Luttrell,Luttrell STP,Mechanical - Attached Growth,Union,Luttrell,36.185074,-83.764307,06010104,Holston River,Flat Creek at mile 13.9,M,MW,,,,,,,,,,,,,,,,,,,,,,,,,,,,,,,,,,,,,,,,,,,,,,,,,,,,,,,,,,,,,,,,,,,,,,,,,,,,,,,,,,,,,,,,,,,,,,,,,,,,,,,,,,,,,,,,,
TN0025101,Metropolitan Lynchburg Moore County Utility Department (M.U.D.),Lynchburg WWTP,Mechanical - Suspended Growth,Moore,Lynchburg,35.2721,-86.3949,06030003,Upper Elk River,East Fork Mulberry Creek at mile 11.1,M,MW,,,,,,,,,,,,,,,,,,,,,,,,,,,,,,,,,,,,,,,,,,,,,,,,,,,,,,,,,,,,,,,,,,,,,,,,,,,,,,,,,,,,,,,,,,,,,,,,,,,,,,,,,,,,,,,,,
TN0025020,City of Madisonville,Madisonville STP,Mechanical - Suspended Growth,Monroe,Madisonville,35.528153,-84.360157,06010204,Little Tennessee River,Bat Creek Mile 19.3,M,MW,,,,,,,,,,,,,,,,,,,,,,,,,,,,,,,,,,,,,,,,,,,,,,,,,,,,,,,,,,,,,,,,,,,,,,,,,,,,,,,,,,,,,,,,,,,,,,,,,,,,,,,,,,,,,,,,,
TN0025038,City of Manchester,Municipal POTW,Mechanical - Suspended Growth,Coffee,Manchester,35.481667,-86.098333,06040002,Upper Duck River,Duck River at mile 268.5,M,MW,,,,,,,,,,,,,,,,,,,,,,,,,,,,,,,,,,,,,,,,,,,,,,,,,,,,,,,,,,,,,,,,,,,,,,,,,,,,,,,,,,,,,,,,,,,,,,,,,,,,,,,,,,,,,,,,,
TN0062545,City of Martin,Martin Wastewater Treatment Plant,Mechanical - Suspended Growth,Weakley,Martin,36.31446,-88.902422,08010203,South Fork Obion River,unnamed tributary at mile 0.25 to Cane Creek mile 7.7,M,MW,,,,,,,,,,,,,,,,,,,,,,,,,,,,,,,,,,,,,,,,,,,,,,,,,,,,,,,,,,,,,,,,,,,,,,,,,,,,,,,,,,,,,,,,,,,,,,,,,,,,,,,,,,,,,,,,,
TN0020079,City of Maryville,Maryville STP,Mechanical - Suspended Growth,Blount,Maryville,35.851389,-83.947222,06010201,Watts Bar Lake,Outfall 002 to mile 5 of the Little River Embayment. Outfall 001 to mile 637 of the Tennessee River reserved as backup.,M,MW,,,,,,,,,,,,,,,,,,,,,,,,,,,,,,,,,,,,,,,,,,,,,,,,,,,,,,,,,,,,,,,,,,,,,,,,,,,,,,,,,,,,,,,,,,,,,,,,,,,,,,,,,,,,,,,,,
TN0026620,Town of Mason,Mason STP,Non-Mechanical Lagoon,Tipton,Mason,35.406061,-89.537303,08010209,Loosahatchie,East Beaver Creek at mile 6.8,M,MW,,,,,,,,,,,,,,,,,,,,,,,,,,,,,,,,,,,,,,,,,,,,,,,,,,,,,,,,,,,,,,,,,,,,,,,,,,,,,,,,,,,,,,,,,,,,,,,,,,,,,,,,,,,,,,,,,
TN0065218,Town of Maury City,Maury City STP,Non-Mechanical Lagoon,Crockett,Maury City,35.805316,-89.240219,08010205,South Fork Forked Deer River,South Fork Forked Deer River Mile 27.1,M,MW,,,,,,,,,,,,,,,,,,,,,,,,,,,,,,,,,,,,,,,,,,,,,,,,,,,,,,,,,,,,,,,,,,,,,,,,,,,,,,,,,,,,,,,,,,,,,,,,,,,,,,,,,,,,,,,,,
TN0022870,City of Maynardville,Maynardville STP,Mechanical - Suspended Growth,Union,Maynardville,36.22914,-83.821877,06010207,Lower Clinch River,North Fork Bull Run Creek at mile 3.1,M,MW,,,,,,,,,,,,,,,,,,,,,,,,,,,,,,,,,,,,,,,,,,,,,,,,,,,,,,,,,,,,,,,,,,,,,,,,,,,,,,,,,,,,,,,,,,,,,,,,,,,,,,,,,,,,,,,,,
TN0020613,City of McKenzie,McKenzie STP,Mechanical - Suspended Growth,Carroll,Mc Kenzie,36.124574,-88.509011,08010203,South Fork Obion River,unnamed tributary at mile 2.8 to Clear Creek at mile 2.4 to South Fork Obion River at mile 27,M,MW,,,,,,,,,,,,,,,,,,,,,,,,,,,,,,,,,,,,,,,,,,,,,,,,,,,,,,,,,,,,,,,,,,,,,,,,,,,,,,,,,,,,,,,,,,,,,,,,,,,,,,,,,,,,,,,,,
TN0021741,City of McEwen,McEwen STP,Mechanical - Suspended Growth,Humphreys,McEwen,36.100062,-87.635294,06040003,Lower Duck River,Blue Creek at mile 16.2,M,MW,,,,,,,,,,,,,,,,,,,,,,,,,,,,,,,,,,,,,,,,,,,,,,,,,,,,,,,,,,,,,,,,,,,,,,,,,,,,,,,,,,,,,,,,,,,,,,,,,,,,,,,,,,,,,,,,,
TN0023591,City of McMinnville,McMinnville STP,Mechanical - Suspended Growth,Warren,McMinnville,35.677213,-85.759814,05130107,Collins River,Barren Fork River at mile 4.5,M,MW,,,,,,,,,,,,,,,,,,,,,,,,,,,,,,,,,,,,,,,,,,,,,,,,,,,,,,,,,,,,,,,,,,,,,,,,,,,,,,,,,,,,,,,,,,,,,,,,,,,,,,,,,,,,,,,,,
TN0020711,City of Memphis,Maynard C. Stiles STP North Plant,Mechanical - Suspended Growth,Shelby,Memphis,35.188949,-90.050959,08010100,Mississippi River,Mississippi River at mile 738.8,M,MW,,,,,,,,,,,,,,,,,,,,,,,,,,,,,,,,,,,,,,,,,,,,,,,,,,,,,,,,,,,,,,,,,,,,,,,,,,,,,,,,,,,,,,,,,,,,,,,,,,,,,,,,,,,,,,,,,
TN0020729,City of Memphis,TE Maxson STP South Plant,Mechanical - Suspended Growth,Shelby,Memphis,35.070567,-90.156612,08010211,Nonconnah Creek,Mississippi River at mile 725.0,M,MW,,,,,,,,,,,,,,,,,,,,,,,,,,,,,,,,,,,,,,,,,,,,,,,,,,,,,,,,,,,,,,,,,,,,,,,,,,,,,,,,,,,,,,,,,,,,,,,,,,,,,,,,,,,,,,,,,
TN0026361,Chapel Hill S.D. STP,Chapel Hill S.D. STP,Mechanical - Suspended Growth,Shelby,Memphis,35.352863,-89.734803,08010209,Loosahatchie,unnamed stream at mile 0.2 to an unnamed tributary at mile 2.1 to Crooked Creek at mile 3.0,M,MW,,,,,,,,,,,,,,,,,,,,,,,,,,,,,,,,,,,,,,,,,,,,,,,,,,,,,,,,,,,,,,,,,,,,,,,,,,,,,,,,,,,,,,,,,,,,,,,,,,,,,,,,,,,,,,,,,
TN0062642,City of Middleton,Middleton STP,Non-Mechanical Lagoon,Hardeman,Middleton,35.061125,-88.879,08010207,Upper Hatchie River,Hatchie River mile 174.2,M,MW,,,,,,,,,,,,,,,,,,,,,,,,,,,,,,,,,,,,,,,,,,,,,,,,,,,,,,,,,,,,,,,,,,,,,,,,,,,,,,,,,,,,,,,,,,,,,,,,,,,,,,,,,,,,,,,,,
TN0062375,Milan Public Utilities,Milan STP,Mechanical - Attached Growth,Gibson,Milan,35.92936,-88.74256,08010203,South Fork Obion River,Rutherford Fork of Obion River mile 29.2,M,MW,,,,,,,,,,,,,,,,,,,,,,,,,,,,,,,,,,,,,,,,,,,,,,,,,,,,,,,,,,,,,,,,,,,,,,,,,,,,,,,,,,,,,,,,,,,,,,,,,,,,,,,,,,,,,,,,,
TN0021067,City of Millington,Millington Wastewater Treatment Plant,Mechanical - Suspended Growth,Shelby,Millington,35.341736,-89.940972,08010209,Loosahatchie,Big Creek at mile 6.9,M,MW,,,,,,,,,,,,,,,,,,,,,,,,,,,,,,,,,,,,,,,,,,,,,,,,,,,,,,,,,,,,,,,,,,,,,,,,,,,,,,,,,,,,,,,,,,,,,,,,,,,,,,,,,,,,,,,,,
TN0080985,Town of Monteagle,Monteagle Sewer Treatment Plant #3,Mechanical - Suspended Growth,Grundy,Monteagle,35.232,-85.863,06030003,Upper Elk River,unnamed tributary to Gilliam Creek (001) and an unnamed tributary mile 1.0 to Trussell Creek (002),M,MW,,,,,,,,,,,,,,,,,,,,,,,,,,,,,,,,,,,,,,,,,,,,,,,,,,,,,,,,,,,,,,,,,,,,,,,,,,,,,,,,,,,,,,,,,,,,,,,,,,,,,,,,,,,,,,,,,
TN0064688,Town of Monterey,Town of Monterey upgrade to comply with Agreed Order WPC13-0057,Mechanical - Attached Growth,Putnam,Monterey,36.151285,-85.29359,05130108,Caney Fork River,"unnamed wet weather conveyance at mile 0.4 to Falling Water River at mile 46.1 (current 1 MGD); unnamed conveyance to Falling Water River at mile 46.9 (proposed 1.5 MGD at latitude/longitude: 35.149663, -85.275171)",M,MW,,,,,,,,,,,,,,,,,,,,,,,,,,,,,,,,,,,,,,,,,,,,,,,,,,,,,,,,,,,,,,,,,,,,,,,,,,,,,,,,,,,,,,,,,,,,,,,,,,,,,,,,,,,,,,,,,
TN0025372,West Warren-Viola Utility District,Morrison STP,Mechanical - Suspended Growth,Warren,Morrison,35.607778,-85.899444,05130107,Collins River,Barren Fork River at mile 18.1,M,MW,,,,,,,,,,,,,,,,,,,,,,,,,,,,,,,,,,,,,,,,,,,,,,,,,,,,,,,,,,,,,,,,,,,,,,,,,,,,,,,,,,,,,,,,,,,,,,,,,,,,,,,,,,,,,,,,,
TN0023507,Morristown Utilities Commission,Turkey Creek Wastewater Treatment Plant,Mechanical - Suspended Growth,Hamblen,Morristown,36.248486,-83.288901,06010104,Holston River,Holston River Mile 75,M,MW,,,,,,,,,,,,,,,,,,,,,,,,,,,,,,,,,,,,,,,,,,,,,,,,,,,,,,,,,,,,,,,,,,,,,,,,,,,,,,,,,,,,,,,,,,,,,,,,,,,,,,,,,,,,,,,,,
TN0068187,Morristown Utilities Commission,Lowland Wastewater Treatment Plant,Mechanical - Suspended Growth,Hamblen,Morristown,36.15324,-83.21031,06010108,Nolichucky,Nolichucky River at mile 7.6 Outfall 001,M,MW,,,,,,,,,,,,,,,,,,,,,,,,,,,,,,,,,,,,,,,,,,,,,,,,,,,,,,,,,,,,,,,,,,,,,,,,,,,,,,,,,,,,,,,,,,,,,,,,,,,,,,,,,,,,,,,,,
TN0021164,City of Moscow,Moscow Wastewater Lagoon,Aerated Lagoon,Fayette,Moscow,35.062938,-89.408453,08010210,Wolf River,Wolf River at mile 57.3,M,MW,,,,,,,,,,,,,,,,,,,,,,,,,,,,,,,,,,,,,,,,,,,,,,,,,,,,,,,,,,,,,,,,,,,,,,,,,,,,,,,,,,,,,,,,,,,,,,,,,,,,,,,,,,,,,,,,,
TN0059366,Town of Mosheim,Lick Creek Treatment Plant,Mechanical - Suspended/Attached,Greene,Mosheim,36.195023,-83.0014,06010108,Nolichucky,Lick Creek at mile 23.3,M,MW,,,,,,,,,,,,,,,,,,,,,,,,,,,,,,,,,,,,,,,,,,,,,,,,,,,,,,,,,,,,,,,,,,,,,,,,,,,,,,,,,,,,,,,,,,,,,,,,,,,,,,,,,,,,,,,,,
TN0062057,City of Mount Carmel,Mount Carmel STP,Mechanical - Suspended Growth,Hawkins,Mount Carmel,36.555081,-82.658958,06010104,Holston River,Holston River at mile 137.5,M,MW,,,,,,,,,,,,,,,,,,,,,,,,,,,,,,,,,,,,,,,,,,,,,,,,,,,,,,,,,,,,,,,,,,,,,,,,,,,,,,,,,,,,,,,,,,,,,,,,,,,,,,,,,,,,,,,,,
TN0081710,Water & Wastewater Authority of Wilson County,Logue Road STP,Mechanical - Attached Growth,Wilson,Mount Juliet,,,,,,M,MW,,,,,,,,,,,,,,,,,,,,,,,,,,,,,,,,,,,,,,,,,,,,,,,,,,,,,,,,,,,,,,,,,,,,,,,,,,,,,,,,,,,,,,,,,,,,,,,,,,,,,,,,,,,,,,,,,
TN0020800,City of Mount Pleasant,Mount Pleasant STP,Mechanical - Suspended Growth,Maury,Mount Pleasant,35.557267,-87.201802,06040003,Lower Duck River,Sugar Fork Creek at mile 1.9,M,MW,,,,,,,,,,,,,,,,,,,,,,,,,,,,,,,,,,,,,,,,,,,,,,,,,,,,,,,,,,,,,,,,,,,,,,,,,,,,,,,,,,,,,,,,,,,,,,,,,,,,,,,,,,,,,,,,,
TN0024945,Town of Mountain City,Mountain City WWTP,Mechanical - Suspended Growth,Johnson,Mountain City,36.432558,-81.803812,06010103,Watuaga River,Town Creek at mile 0.4 to Roan Creek at mile 17.7,M,MW,,,,,,,,,,,,,,,,,,,,,,,,,,,,,,,,,,,,,,,,,,,,,,,,,,,,,,,,,,,,,,,,,,,,,,,,,,,,,,,,,,,,,,,,,,,,,,,,,,,,,,,,,,,,,,,,,
TN0062499,City of Munford,Munford Sewer Department Lagoon,Non-Mechanical Lagoon,Tipton,Munford,35.455661,-89.813316,08010209,Loosahatchie,Mississippi River Mile 761,M,MW,,,,,,,,,,,,,,,,,,,,,,,,,,,,,,,,,,,,,,,,,,,,,,,,,,,,,,,,,,,,,,,,,,,,,,,,,,,,,,,,,,,,,,,,,,,,,,,,,,,,,,,,,,,,,,,,,
TN0022586,City of Murfreesboro,Sinking Creek STP,Mechanical - Suspended Growth,Rutherford,Murfreesboro,35.900818,-86.428735,05130203,Stones River,West Fork of the Stones River at mile 10.5,M,"MW, RU, SI",,,,,,,,,,,,,,,,,,,,,,,,,,,,,,,,,,,,,,,,,,,,,,,,,,,,,,,,,,,,,,,,,,,,,,,,,,,,,,,,,,,,,,,,,,,,,,,,,,,,,,,,,,,,,,,,,
TN0020575,Metro Water Services,Nashville Central STP and Combined Sewer System,Mechanical - Suspended Growth,Davidson,Nashville,36.187222,-86.789356,05130202,Cheatham Lake,Cheatham Reservoir at Cumberland River mile 189.2,M,MW,,,,,,,,,,,,,,,,,,,,,,,,,,,,,,,,,,,,,,,,,,,,,,,,,,,,,,,,,,,,,,,,,,,,,,,,,,,,,,,,,,,,,,,,,,,,,,,,,,,,,,,,,,,,,,,,,
TN0020648,Metro Water Services,Nashville Dry Creek STP,Mechanical - Suspended Growth,Davidson,Nashville,36.288807,-86.689028,05130202,Cheatham Lake,Cumberland River at mile 213.9,M,MW,,,,,,,,,,,,,,,,,,,,,,,,,,,,,,,,,,,,,,,,,,,,,,,,,,,,,,,,,,,,,,,,,,,,,,,,,,,,,,,,,,,,,,,,,,,,,,,,,,,,,,,,,,,,,,,,,
TN0024970,Metro Water Services,Nashville Whites Creek STP,Mechanical - Suspended Growth,Davidson,Nashville,36.182858,-86.85568,05130202,Cheatham Lake,Cumberland River at mile 182.6,M,MW,,,,,,,,,,,,,,,,,,,,,,,,,,,,,,,,,,,,,,,,,,,,,,,,,,,,,,,,,,,,,,,,,,,,,,,,,,,,,,,,,,,,,,,,,,,,,,,,,,,,,,,,,,,,,,,,,
TN0074748,Harpeth Valley Utility District,Harpeth Valley Utility District STP,Mechanical - Suspended Growth,Davidson,Nashville,36.13521,-86.919959,05130202,Cheatham Lake,Cumberland River Mile 172.4,M,MW,,,,,,,,,,,,,,,,,,,,,,,,,,,,,,,,,,,,,,,,,,,,,,,,,,,,,,,,,,,,,,,,,,,,,,,,,,,,,,,,,,,,,,,,,,,,,,,,,,,,,,,,,,,,,,,,,
TN0062006,City of New Johnsonville,New Johnsonville STP,Non-Mechanical Lagoon,Humphreys,New Johnsonville,35.998333,-87.9975,06040005,Kentucky Lake,Tennessee River Mile 101.6,M,MW,,,,,,,,,,,,,,,,,,,,,,,,,,,,,,,,,,,,,,,,,,,,,,,,,,,,,,,,,,,,,,,,,,,,,,,,,,,,,,,,,,,,,,,,,,,,,,,,,,,,,,,,,,,,,,,,,
TN0062111,Town of Newbern,Newbern STP,Mechanical - Suspended Growth,Dyer,Newbern,36.123436,-89.267139,08010202,North Fork Obion River,Obion River at mile 46.0,M,MW,,,,,,,,,,,,,,,,,,,,,,,,,,,,,,,,,,,,,,,,,,,,,,,,,,,,,,,,,,,,,,,,,,,,,,,,,,,,,,,,,,,,,,,,,,,,,,,,,,,,,,,,,,,,,,,,,
TN0020702,City of Newport,Newport STP,Mechanical - Suspended Growth,Cocke,Newport,35.983404,-83.201081,06010106,Pigeon River,Pigeon River Mile 4.0,M,MW,,,,,,,,,,,,,,,,,,,,,,,,,,,,,,,,,,,,,,,,,,,,,,,,,,,,,,,,,,,,,,,,,,,,,,,,,,,,,,,,,,,,,,,,,,,,,,,,,,,,,,,,,,,,,,,,,
TN0025470,City of Niota,Niota STP,Mechanical - Suspended Growth,McMinn,Niota,35.503452,-84.568374,06020002,Hiwassee River,Little North Mouse Creek mile 3.5,M,MW,,,,,,,,,,,,,,,,,,,,,,,,,,,,,,,,,,,,,,,,,,,,,,,,,,,,,,,,,,,,,,,,,,,,,,,,,,,,,,,,,,,,,,,,,,,,,,,,,,,,,,,,,,,,,,,,,
TN0020630,Norris Water Commission,City of Norris STP,Mechanical - Suspended Growth,Anderson,Norris,36.183889,-84.063611,06010207,Lower Clinch River,Buffalo Creek at mile 4.4,M,MW,,,,,,,,,,,,,,,,,,,,,,,,,,,,,,,,,,,,,,,,,,,,,,,,,,,,,,,,,,,,,,,,,,,,,,,,,,,,,,,,,,,,,,,,,,,,,,,,,,,,,,,,,,,,,,,,,
TN0024155,City of Oak Ridge,Oak Ridge Turtle Park STP,Mechanical - Suspended Growth,Anderson,Oak Ridge,35.98937,-84.316571,06010207,Lower Clinch River,East Fork Poplar Creek at mile 8.3,M,MW,,,,,,,,,,,,,,,,,,,,,,,,,,,,,,,,,,,,,,,,,,,,,,,,,,,,,,,,,,,,,,,,,,,,,,,,,,,,,,,,,,,,,,,,,,,,,,,,,,,,,,,,,,,,,,,,,
TN0078051,City of Oak Ridge,Rarity Ridge WWTP,Mechanical - Suspended Growth,Roane,Oak Ridge,35.914166,-84.416388,06010207,Lower Clinch River,Clinch River at mile 12.85,M,MW,,,,,,,,,,,,,,,,,,,,,,,,,,,,,,,,,,,,,,,,,,,,,,,,,,,,,,,,,,,,,,,,,,,,,,,,,,,,,,,,,,,,,,,,,,,,,,,,,,,,,,,,,,,,,,,,,
TN0058530,Town of Oakdale,Oakdale WWTP,Mechanical - Suspended Growth,Morgan,Oakdale,35.98366,-84.55025,06010208,Emory River,Mud Lick Creek at mile 0.3,M,MW,,,,,,,,,,,,,,,,,,,,,,,,,,,,,,,,,,,,,,,,,,,,,,,,,,,,,,,,,,,,,,,,,,,,,,,,,,,,,,,,,,,,,,,,,,,,,,,,,,,,,,,,,,,,,,,,,
TN0077836,Town of Oakland,Oakland Wastewater Treatment Plant,Mechanical - Suspended Growth,Fayette,Oakland,35.222975,-89.522953,08010209,Loosahatchie,Loosahatchie River at mile 40.5,M,MW,,,,,,,,,,,,,,,,,,,,,,,,,,,,,,,,,,,,,,,,,,,,,,,,,,,,,,,,,,,,,,,,,,,,,,,,,,,,,,,,,,,,,,,,,,,,,,,,,,,,,,,,,,,,,,,,,
TN0062171,Town of Obion,Obion Wastewater Lagoon,Non-Mechanical Lagoon,Obion,Obion,36.260575,-89.175936,08010202,North Fork Obion River,Obion River Mile 56.2,M,MW,,,,,,,,,,,,,,,,,,,,,,,,,,,,,,,,,,,,,,,,,,,,,,,,,,,,,,,,,,,,,,,,,,,,,,,,,,,,,,,,,,,,,,,,,,,,,,,,,,,,,,,,,,,,,,,,,
TN0020885,Town of Oliver Springs,Oliver Springs STP,Mechanical - Suspended Growth,Roane,Oliver Springs,36.015713,-84.336395,06010207,Lower Clinch River,Poplar Creek at mile 15.4,M,MW,,,,,,,,,,,,,,,,,,,,,,,,,,,,,,,,,,,,,,,,,,,,,,,,,,,,,,,,,,,,,,,,,,,,,,,,,,,,,,,,,,,,,,,,,,,,,,,,,,,,,,,,,,,,,,,,,
TN0064424,Town of Oneida,Oneida STP,Mechanical - Suspended Growth,Scott,Oneida,36.484566,-84.5547,05130104,South Fork Cumberland River,Pine Creek at mile 7.2,M,MW,,,,,,,,,,,,,,,,,,,,,,,,,,,,,,,,,,,,,,,,,,,,,,,,,,,,,,,,,,,,,,,,,,,,,,,,,,,,,,,,,,,,,,,,,,,,,,,,,,,,,,,,,,,,,,,,,
TN0061271,Paris Board of Public Utilities,Paris WWTP,Mechanical - Suspended Growth,Henry,Paris,36.292687,-88.257301,06040005,Kentucky Lake,unnamed tributary at mile 0.5 which flows to Bailey Fork Creek at mile 6.2,M,MW,,,,,,,,,,,,,,,,,,,,,,,,,,,,,,,,,,,,,,,,,,,,,,,,,,,,,,,,,,,,,,,,,,,,,,,,,,,,,,,,,,,,,,,,,,,,,,,,,,,,,,,,,,,,,,,,,
TN0067318,Town of Parrottsville,Parrottsville STP,Mechanical - Attached Growth,Cocke,Parrottsville,36.0109,-83.0958,06010105,Upper French Broad River,Clear Creek at mile 6.0,M,MW,,,,,,,,,,,,,,,,,,,,,,,,,,,,,,,,,,,,,,,,,,,,,,,,,,,,,,,,,,,,,,,,,,,,,,,,,,,,,,,,,,,,,,,,,,,,,,,,,,,,,,,,,,,,,,,,,
TN0061727,City of Parsons,Parsons STP,Non-Mechanical Lagoon,Decatur,Parsons,35.616335,-88.10023,06040001,Beech River,Beech River at mile 5.8,M,MW,,,,,,,,,,,,,,,,,,,,,,,,,,,,,,,,,,,,,,,,,,,,,,,,,,,,,,,,,,,,,,,,,,,,,,,,,,,,,,,,,,,,,,,,,,,,,,,,,,,,,,,,,,,,,,,,,
TN0074586,Town of Pegram,Pegram STP,Mechanical - Attached Growth,Cheatham,Pegram,36.092141,-87.049203,05130204,Harpeth River,Harpeth River at mile 46.7,M,"MW, DI",,,,,,,,,,,,,,,,,,,,,,,,,,,,,,,,,,,,,,,,,,,,,,,,,,,,,,,,,,,,,,,,,,,,,,,,,,,,,,,,,,,,,,,,,,,,,,,,,,,,,,,,,,,,,,,,,
TN0059765,"Brushy Mountain Group, LLC","Brushy Mountain WWTP (formerly City of Wartburg, Morgan County Economic Development Board and TDOC)",Mechanical - Suspended Growth,Morgan,Petros,36.100581,-84.445878,06010208,Emory River,Stockstill Creek at mile 1.15,M,MW,,,,,,,,,,,,,,,,,,,,,,,,,,,,,,,,,,,,,,,,,,,,,,,,,,,,,,,,,,,,,,,,,,,,,,,,,,,,,,,,,,,,,,,,,,,,,,,,,,,,,,,,,,,,,,,,,
TN0021237,City of Pigeon Forge,Pigeon Forge STP,Mechanical - Suspended Growth,Sevier,Pigeon Forge,35.807475,-83.585203,06010107,Lower French Broad River,West Prong Little Pigeon River Mile 7.7,M,MW,,,,,,,,,,,,,,,,,,,,,,,,,,,,,,,,,,,,,,,,,,,,,,,,,,,,,,,,,,,,,,,,,,,,,,,,,,,,,,,,,,,,,,,,,,,,,,,,,,,,,,,,,,,,,,,,,
TN0081132,City of Pigeon Forge,Pigeon Forge STP (French Broad River facility),None ,Sevier,Pigeon Forge,,,,,French Broad River at mile 24,M,MW,,,,,,,,,,,,,,,,,,,,,,,,,,,,,,,,,,,,,,,,,,,,,,,,,,,,,,,,,,,,,,,,,,,,,,,,,,,,,,,,,,,,,,,,,,,,,,,,,,,,,,,,,,,,,,,,,
TN0025054,Town of Pikeville,Pikeville STP,Mechanical - Suspended Growth,Bledsoe,Pikeville,35.595094,-85.195992,06020004,Sequatchie River,Sequatchie River Mile 78.4,M,MW,,,,,,,,,,,,,,,,,,,,,,,,,,,,,,,,,,,,,,,,,,,,,,,,,,,,,,,,,,,,,,,,,,,,,,,,,,,,,,,,,,,,,,,,,,,,,,,,,,,,,,,,,,,,,,,,,
TN0067083,Jackson Energy Authority (JEA),Pinson Lagoon,Non-Mechanical Lagoon,Madison,Pinson,35.491913,-88.714792,08010205,South Fork Forked Deer River,South Fork Forked Deer River Mile 65.7,M,MW,,,,,,,,,,,,,,,,,,,,,,,,,,,,,,,,,,,,,,,,,,,,,,,,,,,,,,,,,,,,,,,,,,,,,,,,,,,,,,,,,,,,,,,,,,,,,,,,,,,,,,,,,,,,,,,,,
TN0080764,City of Piperton,Piperton satellite collection system,Mechanical - Suspended Growth,Fayette,Piperton,35.045524,-89.621613,08010210,Wolf River,Wolf River at mile 39 (future activity),M,MW,,,,,,,,,,,,,,,,,,,,,,,,,,,,,,,,,,,,,,,,,,,,,,,,,,,,,,,,,,,,,,,,,,,,,,,,,,,,,,,,,,,,,,,,,,,,,,,,,,,,,,,,,,,,,,,,,
TN0021865,City of Portland,Portland STP,Mechanical - Suspended Growth,Sumner,Portland,36.587768,-86.526158,05130206,Red River,Summers Branch at mile 8.6 to the Red River ,M,MW,,,,,,,,,,,,,,,,,,,,,,,,,,,,,,,,,,,,,,,,,,,,,,,,,,,,,,,,,,,,,,,,,,,,,,,,,,,,,,,,,,,,,,,,,,,,,,,,,,,,,,,,,,,,,,,,,
TN0078905,Hallsdale Powell Utility District,Hallsdale Powell Utility District STP,Mechanical - Suspended Growth,Knox,Powell,36.009342,-84.060339,06010207,Lower Clinch River,Beaver Creek at mile 23.5,M,MW,,,,,,,,,,,,,,,,,,,,,,,,,,,,,,,,,,,,,,,,,,,,,,,,,,,,,,,,,,,,,,,,,,,,,,,,,,,,,,,,,,,,,,,,,,,,,,,,,,,,,,,,,,,,,,,,,
TN0021687,City of Pulaski,Pulaski STP,Mechanical - Suspended Growth,Giles,Pulaski,35.18333,-87.041667,06030004,Lower Elk River,Richland Creek at mile 23.3,M,MW,,,,,,,,,,,,,,,,,,,,,,,,,,,,,,,,,,,,,,,,,,,,,,,,,,,,,,,,,,,,,,,,,,,,,,,,,,,,,,,,,,,,,,,,,,,,,,,,,,,,,,,,,,,,,,,,,
TN0067547,City of Red Boiling Springs,Municipal POTW,Non-Mechanical Lagoon,Macon,Red Boiling Springs,36.541162,-85.830052,05110002,Barren River,Salt Lick Creek at mile 15.7,M,MW,,,,,,,,,,,,,,,,,,,,,,,,,,,,,,,,,,,,,,,,,,,,,,,,,,,,,,,,,,,,,,,,,,,,,,,,,,,,,,,,,,,,,,,,,,,,,,,,,,,,,,,,,,,,,,,,,
TN0062529,Town of Ridgely,Ridgely STP,Non-Mechanical Lagoon,Lake,Ridgely,36.25944,-89.48395,08010202,North Fork Obion River,Mississippi River at mile 857.5,M,MW,,,,,,,,,,,,,,,,,,,,,,,,,,,,,,,,,,,,,,,,,,,,,,,,,,,,,,,,,,,,,,,,,,,,,,,,,,,,,,,,,,,,,,,,,,,,,,,,,,,,,,,,,,,,,,,,,
TN0078191,City of Ripley,Ripley Gas Water and Wastewater Department POTW,Non-Mechanical Lagoon,Lauderdale,Ripley,35.758876,-89.566068,08010208,Lower Hatchie River,Mississippi River at mile 800.5,M,MW,,,,,,,,,,,,,,,,,,,,,,,,,,,,,,,,,,,,,,,,,,,,,,,,,,,,,,,,,,,,,,,,,,,,,,,,,,,,,,,,,,,,,,,,,,,,,,,,,,,,,,,,,,,,,,,,,
TN0024473,Roane County,Roane County STP,Mechanical - Suspended Growth,Roane,Rockwood,35.8755,-84.619714,06010201,Watts Bar Lake,Tennessee River at mile 562.4,M,MW,,,,,,,,,,,,,,,,,,,,,,,,,,,,,,,,,,,,,,,,,,,,,,,,,,,,,,,,,,,,,,,,,,,,,,,,,,,,,,,,,,,,,,,,,,,,,,,,,,,,,,,,,,,,,,,,,
TN0026158,Rockwood Water Sewer and Gas (RWSG),Rockwood STP,Mechanical - Suspended Growth,Roane,Rockwood,35.852778,-84.705,06010201,Watts Bar Lake,Black Creek at mile 5.3,M,MW,,,,,,,,,,,,,,,,,,,,,,,,,,,,,,,,,,,,,,,,,,,,,,,,,,,,,,,,,,,,,,,,,,,,,,,,,,,,,,,,,,,,,,,,,,,,,,,,,,,,,,,,,,,,,,,,,
TN0025127,City of Rocky Top,Rocky Top STP,Mechanical - Suspended Growth,Anderson,Rocky Top,36.212842,-84.145051,06010207,Lower Clinch River,Coal Creek at mile 3.3,M,MW,,,,,,,,,,,,,,,,,,,,,,,,,,,,,,,,,,,,,,,,,,,,,,,,,,,,,,,,,,,,,,,,,,,,,,,,,,,,,,,,,,,,,,,,,,,,,,,,,,,,,,,,,,,,,,,,,
TN0020672,Town of Rogersville,Rogersville STP,Mechanical - Suspended Growth,Hawkins,Rogersville,36.380463,-83.045975,06010104,Holston River,Cherokee Reservoir at Holston River mile 99.7,M,MW,,,,,,,,,,,,,,,,,,,,,,,,,,,,,,,,,,,,,,,,,,,,,,,,,,,,,,,,,,,,,,,,,,,,,,,,,,,,,,,,,,,,,,,,,,,,,,,,,,,,,,,,,,,,,,,,,
TN0064092,Town of Rossville,Rossville STP,Aerated Lagoon,Fayette,Rossville,35.054167,-89.541111,08010210,Wolf River,Wolf River at mile 43.7,M,MW,,,,,,,,,,,,,,,,,,,,,,,,,,,,,,,,,,,,,,,,,,,,,,,,,,,,,,,,,,,,,,,,,,,,,,,,,,,,,,,,,,,,,,,,,,,,,,,,,,,,,,,,,,,,,,,,,
TN0062227,Town of Rutherford,Rutherford Lagoon STP,Non-Mechanical Lagoon,Gibson,Rutherford,36.139348,-88.986784,08010203,South Fork Obion River,Rutherford Fork of Obion River at mile 9.8,M,MW,,,,,,,,,,,,,,,,,,,,,,,,,,,,,,,,,,,,,,,,,,,,,,,,,,,,,,,,,,,,,,,,,,,,,,,,,,,,,,,,,,,,,,,,,,,,,,,,,,,,,,,,,,,,,,,,,
TN0021105,Town of Rutledge,Rutledge STP,Mechanical - Suspended Growth,Grainger,Rutledge,36.270833,-83.533889,06010104,Holston River,Richland Creek at mile 18.6,M,MW,,,,,,,,,,,,,,,,,,,,,,,,,,,,,,,,,,,,,,,,,,,,,,,,,,,,,,,,,,,,,,,,,,,,,,,,,,,,,,,,,,,,,,,,,,,,,,,,,,,,,,,,,,,,,,,,,
TN0059846,Grainger County,Industrial Park STP,Mechanical - Suspended Growth,Grainger,Rutledge,36.3125,-83.408333,06010104,Holston River,unnamed tributary at mile 0.4 to Shields Creek at mile 2.4,M,MW,,,,,,,,,,,,,,,,,,,,,,,,,,,,,,,,,,,,,,,,,,,,,,,,,,,,,,,,,,,,,,,,,,,,,,,,,,,,,,,,,,,,,,,,,,,,,,,,,,,,,,,,,,,,,,,,,
TN0061565,City of Savannah,Savannah STP,Aerated Lagoon,Hardin,Savannah,35.231034,-88.211942,06040001,Beech River,Horse Creek at mile 7.8,M,MW,,,,,,,,,,,,,,,,,,,,,,,,,,,,,,,,,,,,,,,,,,,,,,,,,,,,,,,,,,,,,,,,,,,,,,,,,,,,,,,,,,,,,,,,,,,,,,,,,,,,,,,,,,,,,,,,,
TN0062308,Town of Selmer,Selmer STP,Non-Mechanical Lagoon,McNairy,Selmer,35.15654,-88.603312,08010207,Upper Hatchie River,Cypress Creek at mile 14.5,M,MW,,,,,,,,,,,,,,,,,,,,,,,,,,,,,,,,,,,,,,,,,,,,,,,,,,,,,,,,,,,,,,,,,,,,,,,,,,,,,,,,,,,,,,,,,,,,,,,,,,,,,,,,,,,,,,,,,
TN0060569,East Sevier County Utility District (ESCUD),ESCUD STP,Mechanical - Suspended Growth,Sevier,Sevierville,35.854444,-83.333889,06010107,Lower French Broad River,Wilhite Creek at mile 4.05,M,MW,,,,,,,,,,,,,,,,,,,,,,,,,,,,,,,,,,,,,,,,,,,,,,,,,,,,,,,,,,,,,,,,,,,,,,,,,,,,,,,,,,,,,,,,,,,,,,,,,,,,,,,,,,,,,,,,,
TN0063959,City of Sevierville,McCroskey Island STP,Mechanical - Suspended Growth,Sevier,Sevierville,35.92928,-83.599123,06010107,Lower French Broad River,French Broad River Mile 26.75,M,MW,,,,,,,,,,,,,,,,,,,,,,,,,,,,,,,,,,,,,,,,,,,,,,,,,,,,,,,,,,,,,,,,,,,,,,,,,,,,,,,,,,,,,,,,,,,,,,,,,,,,,,,,,,,,,,,,,
TN0062031,Town of Sharon,Sharon Lagoon STP,Non-Mechanical Lagoon,Weakley,Sharon,36.223927,-88.83709,08010203,South Fork Obion River,Middle Fork Obion River at mile 6.5,M,MW,,,,,,,,,,,,,,,,,,,,,,,,,,,,,,,,,,,,,,,,,,,,,,,,,,,,,,,,,,,,,,,,,,,,,,,,,,,,,,,,,,,,,,,,,,,,,,,,,,,,,,,,,,,,,,,,,
TN0024180,"Shelbyville Power, Water & Sewerage System",Shelbyville STP,Mechanical - Suspended Growth,Bedford,Shelbyville,35.483333,-86.466389,06040002,Upper Duck River,Duck River at mile 221.25,M,MW,,,,,,,,,,,,,,,,,,,,,,,,,,,,,,,,,,,,,,,,,,,,,,,,,,,,,,,,,,,,,,,,,,,,,,,,,,,,,,,,,,,,,,,,,,,,,,,,,,,,,,,,,,,,,,,,,
TN0021211,Hamilton County Water & Wastewater Treatment Authority (WWTA),Signal Mountain STP,Mechanical - Suspended Growth,Hamilton,Signal Mountain,35.105413,-85.359477,06020001,Lower Tennessee River,Tennessee River at mile 453.7,M,MW,,,,,,,,,,,,,,,,,,,,,,,,,,,,,,,,,,,,,,,,,,,,,,,,,,,,,,,,,,,,,,,,,,,,,,,,,,,,,,,,,,,,,,,,,,,,,,,,,,,,,,,,,,,,,,,,,
TN0065358,City of Smithville,Smithville STP,Mechanical - Suspended Growth,DeKalb,Smithville,35.94131,-85.788353,05130108,Caney Fork River,Fall Creek at mile 4.7,M,MW,,,,,,,,,,,,,,,,,,,,,,,,,,,,,,,,,,,,,,,,,,,,,,,,,,,,,,,,,,,,,,,,,,,,,,,,,,,,,,,,,,,,,,,,,,,,,,,,,,,,,,,,,,,,,,,,,
TN0020541,Town of Smyrna,Smyrna STP,Mechanical - Suspended Growth,Rutherford,Smyrna,35.99205,-86.51443,05130203,Stones River,Stewart Creek at mile 5.65,M,MW,,,,,,,,,,,,,,,,,,,,,,,,,,,,,,,,,,,,,,,,,,,,,,,,,,,,,,,,,,,,,,,,,,,,,,,,,,,,,,,,,,,,,,,,,,,,,,,,,,,,,,,,,,,,,,,,,
TN0026638,Town of Sneedville,Sneedville STP,Mechanical - Suspended Growth,Hancock,Sneedville,36.526451,-83.216779,06010205,Upper Clinch River,Clinch River at mile 177.4,M,MW,,,,,,,,,,,,,,,,,,,,,,,,,,,,,,,,,,,,,,,,,,,,,,,,,,,,,,,,,,,,,,,,,,,,,,,,,,,,,,,,,,,,,,,,,,,,,,,,,,,,,,,,,,,,,,,,,
TN0021652,Town of Somerville,Somerville Wastewater Lagoon,Non-Mechanical Lagoon,Fayette,Somerville,35.261111,-89.369166,08010209,Loosahatchie,Loosahatchie River at mile 46.7,M,MW,,,,,,,,,,,,,,,,,,,,,,,,,,,,,,,,,,,,,,,,,,,,,,,,,,,,,,,,,,,,,,,,,,,,,,,,,,,,,,,,,,,,,,,,,,,,,,,,,,,,,,,,,,,,,,,,,
TN0067733,Town of Gordonsville,Gordonsville STP,Mechanical - Suspended Growth,Smith,South Carthage,36.248768,-85.957076,05130201,Old Hickory Lake,Cumberland River (Old Hickory Reservoir) at mile 308.3,M,MW,,,,,,,,,,,,,,,,,,,,,,,,,,,,,,,,,,,,,,,,,,,,,,,,,,,,,,,,,,,,,,,,,,,,,,,,,,,,,,,,,,,,,,,,,,,,,,,,,,,,,,,,,,,,,,,,,
TN0064912,City of South Fulton,South Fulton STP,Mechanical - Attached Growth,Obion,South Fulton,36.494959,-88.887744,08010202,North Fork Obion River,North Fork Obion River at mile 18.0,M,MW,,,,,,,,,,,,,,,,,,,,,,,,,,,,,,,,,,,,,,,,,,,,,,,,,,,,,,,,,,,,,,,,,,,,,,,,,,,,,,,,,,,,,,,,,,,,,,,,,,,,,,,,,,,,,,,,,
TN0024295,City of South Pittsburg,South Pittsburg STP,Mechanical - Suspended Growth,Marion,South Pittsburg,35.0028,-85.7011,06030001,Guntersville Lake,Tennessee River Mile 417.3,M,MW,,,,,,,,,,,,,,,,,,,,,,,,,,,,,,,,,,,,,,,,,,,,,,,,,,,,,,,,,,,,,,,,,,,,,,,,,,,,,,,,,,,,,,,,,,,,,,,,,,,,,,,,,,,,,,,,,
TN0061166,City of Sparta,Sparta STP,Mechanical - Suspended Growth,White,Sparta,35.908333,-85.475,05130108,Caney Fork River,Calfkiller River Mile 11.5,M,MW,,,,,,,,,,,,,,,,,,,,,,,,,,,,,,,,,,,,,,,,,,,,,,,,,,,,,,,,,,,,,,,,,,,,,,,,,,,,,,,,,,,,,,,,,,,,,,,,,,,,,,,,,,,,,,,,,
TN0077691,City of Spencer,Spencer STP,Mechanical - Suspended Growth,Van Buren,Spencer,35.702777,-85.486944,05130108,Caney Fork River,Caney Fork River at mile 104.6 ,M,MW,,,,,,,,,,,,,,,,,,,,,,,,,,,,,,,,,,,,,,,,,,,,,,,,,,,,,,,,,,,,,,,,,,,,,,,,,,,,,,,,,,,,,,,,,,,,,,,,,,,,,,,,,,,,,,,,,
TN0021261,Town of Spring City,Spring City STP,Mechanical - Suspended Growth,Rhea,Spring City,35.6764,-84.8523,06010201,Watts Bar Lake,Watts Bar Lake at mile 5.0 of the Piney River Embayment,M,MW,,,,,,,,,,,,,,,,,,,,,,,,,,,,,,,,,,,,,,,,,,,,,,,,,,,,,,,,,,,,,,,,,,,,,,,,,,,,,,,,,,,,,,,,,,,,,,,,,,,,,,,,,,,,,,,,,
TN0075868,City of Spring Hill,Spring Hill STP,Mechanical - Suspended Growth,Maury,Spring Hill,35.718345,-86.917124,06040003,Lower Duck River,Rutherford Creek at mile 19.6,M,MW,,,,,,,,,,,,,,,,,,,,,,,,,,,,,,,,,,,,,,,,,,,,,,,,,,,,,,,,,,,,,,,,,,,,,,,,,,,,,,,,,,,,,,,,,,,,,,,,,,,,,,,,,,,,,,,,,
TN0024961,City of Springfield,Springfield STP,Mechanical - Suspended Growth,Robertson,Springfield,36.50749,-86.941676,05130206,Red River,Sulphur Fork Creek at mile 23.2,M,MW,,,,,,,,,,,,,,,,,,,,,,,,,,,,,,,,,,,,,,,,,,,,,,,,,,,,,,,,,,,,,,,,,,,,,,,,,,,,,,,,,,,,,,,,,,,,,,,,,,,,,,,,,,,,,,,,,
TN0062154,Town of Stanton,Stanton Lagoon STP,Non-Mechanical Lagoon,Haywood,Stanton,35.463418,-89.394647,08010208,Lower Hatchie River,Wetland area drainage canal at mile 0.4 to Big Muddy Creek at mile 5.6,M,MW,,,,,,,,,,,,,,,,,,,,,,,,,,,,,,,,,,,,,,,,,,,,,,,,,,,,,,,,,,,,,,,,,,,,,,,,,,,,,,,,,,,,,,,,,,,,,,,,,,,,,,,,,,,,,,,,,
TN0081906,Megasite Authority of West Tennessee,Memphis Regional Megasite WWTP,Mechanical - Suspended Growth,Haywood,Stanton,35.4256,-89.416,08010208,Lower Hatchie River,Mississippi River mile 768,M,MW,,,,,,,,,,,,,,,,,,,,,,,,,,,,,,,,,,,,,,,,,,,,,,,,,,,,,,,,,,,,,,,,,,,,,,,,,,,,,,,,,,,,,,,,,,,,,,,,,,,,,,,,,,,,,,,,,
TN0078042,Benton-Decatur Special Sewer District,Benton-Decatur STP,Mechanical - Suspended Growth,Decatur,Sugar Tree,35.8681,-88.02016,06040001,Beech River,Tennessee River at mile 117.8,M,MW,,,,,,,,,,,,,,,,,,,,,,,,,,,,,,,,,,,,,,,,,,,,,,,,,,,,,,,,,,,,,,,,,,,,,,,,,,,,,,,,,,,,,,,,,,,,,,,,,,,,,,,,,,,,,,,,,
TN0020052,City of Sweetwater,Sweetwater STP,Mechanical - Suspended Growth,Monroe,Sweetwater,35.611667,-84.458611,06010201,Watts Bar Lake,Sweetwater Creek at mile 19.4,M,MW,,,,,,,,,,,,,,,,,,,,,,,,,,,,,,,,,,,,,,,,,,,,,,,,,,,,,,,,,,,,,,,,,,,,,,,,,,,,,,,,,,,,,,,,,,,,,,,,,,,,,,,,,,,,,,,,,
TN0024791,Claiborne Utilities District,Claiborne Utilities District STP,Mechanical - Suspended Growth,Claiborne,Tazewell,36.463742,-83.560763,06010206,Powell River,Russell Creek at mile 6.0,M,MW,,,,,,,,,,,,,,,,,,,,,,,,,,,,,,,,,,,,,,,,,,,,,,,,,,,,,,,,,,,,,,,,,,,,,,,,,,,,,,,,,,,,,,,,,,,,,,,,,,,,,,,,,,,,,,,,,
TN0024953,Town of Tellico Plains,Tellico Plains STP,Mechanical - Suspended Growth,Monroe,Tellico Plains,35.372344,-84.290992,06010204,Little Tennessee River,Tellico River at mile 27.5,M,MW,,,,,,,,,,,,,,,,,,,,,,,,,,,,,,,,,,,,,,,,,,,,,,,,,,,,,,,,,,,,,,,,,,,,,,,,,,,,,,,,,,,,,,,,,,,,,,,,,,,,,,,,,,,,,,,,,
TN0026409,Town of Tiptonville,City Lagoon,Non-Mechanical Lagoon,Lake,Tiptonville,36.369389,-89.495087,08010100,Mississippi River,Mississippi River at mile 872.5,M,MW,,,,,,,,,,,,,,,,,,,,,,,,,,,,,,,,,,,,,,,,,,,,,,,,,,,,,,,,,,,,,,,,,,,,,,,,,,,,,,,,,,,,,,,,,,,,,,,,,,,,,,,,,,,,,,,,,
TN0064025,Town of Toone,Toone STP,Non-Mechanical Lagoon,Hardeman,Toone,35.345712,-88.955852,08010208,Lower Hatchie River,Pugh Creek Mile 0.8,M,MW,,,,,,,,,,,,,,,,,,,,,,,,,,,,,,,,,,,,,,,,,,,,,,,,,,,,,,,,,,,,,,,,,,,,,,,,,,,,,,,,,,,,,,,,,,,,,,,,,,,,,,,,,,,,,,,,,
TN0078271,Trenton Light and Water,Trenton WWTP,Mechanical - Suspended Growth,Gibson,Trenton,35.987062,-88.943496,08010204,North Fork Forked Deer River,North Fork Forked Deer River at river mile 35.4 (at confluence of Cain Creek to the North Fork Forked Deer River),M,MW,,,,,,,,,,,,,,,,,,,,,,,,,,,,,,,,,,,,,,,,,,,,,,,,,,,,,,,,,,,,,,,,,,,,,,,,,,,,,,,,,,,,,,,,,,,,,,,,,,,,,,,,,,,,,,,,,
TN0062201,Town of Trezevant,Trezevant STP,Non-Mechanical Lagoon,Carroll,Trezevant,36.0107,-88.60645,08010203,South Fork Obion River,Reedy Creek at mile 4.4,M,MW,,,,,,,,,,,,,,,,,,,,,,,,,,,,,,,,,,,,,,,,,,,,,,,,,,,,,,,,,,,,,,,,,,,,,,,,,,,,,,,,,,,,,,,,,,,,,,,,,,,,,,,,,,,,,,,,,
TN0062120,Town of Trimble,Trimble STP,Non-Mechanical Lagoon,Dyer,Trimble,36.189944,-89.193186,08010202,North Fork Obion River,Obion River at mile 55.2,M,MW,,,,,,,,,,,,,,,,,,,,,,,,,,,,,,,,,,,,,,,,,,,,,,,,,,,,,,,,,,,,,,,,,,,,,,,,,,,,,,,,,,,,,,,,,,,,,,,,,,,,,,,,,,,,,,,,,
TN0064777,"Town of Troy
",Troy Wastewater Lagoon,Non-Mechanical Lagoon,Obion,Troy,36.326125,-89.164665,08010202,North Fork Obion River,Obion River at mile 61.2,M,MW,,,,,,,,,,,,,,,,,,,,,,,,,,,,,,,,,,,,,,,,,,,,,,,,,,,,,,,,,,,,,,,,,,,,,,,,,,,,,,,,,,,,,,,,,,,,,,,,,,,,,,,,,,,,,,,,,
TN0023469,Tullahoma Utilities Authority,Tullahoma STP,Mechanical - Suspended Growth,Coffee,Tullahoma,35.344994,-86.209366,06030003,Upper Elk River,Rock Creek at mile 11.0,M,MW,,,,,,,,,,,,,,,,,,,,,,,,,,,,,,,,,,,,,,,,,,,,,,,,,,,,,,,,,,,,,,,,,,,,,,,,,,,,,,,,,,,,,,,,,,,,,,,,,,,,,,,,,,,,,,,,,
TN0054950,Johnson City,Buffalo Valley STP,Mechanical - Suspended Growth,Unicoi,Unicoi,36.234715,-82.330117,06010103,Watauga River,Buffalo Creek at mile 7.9,M,MW,,,,,,,,,,,,,,,,,,,,,,,,,,,,,,,,,,,,,,,,,,,,,,,,,,,,,,,,,,,,,,,,,,,,,,,,,,,,,,,,,,,,,,,,,,,,,,,,,,,,,,,,,,,,,,,,,
TN0021580,City of Union City,A.L. Strub WWTP,Mechanical - Suspended Growth,Obion,Union City,36.39212,-89.0318,08010202,North Fork Obion River,North Fork Obion River at mile 8.2,M,MW,,,,,,,,,,,,,,,,,,,,,,,,,,,,,,,,,,,,,,,,,,,,,,,,,,,,,,,,,,,,,,,,,,,,,,,,,,,,,,,,,,,,,,,,,,,,,,,,,,,,,,,,,,,,,,,,,
TN0058238,Tellico Area Services System,Niles Ferry Wastewater Treatment Facility,Mechanical - Suspended Growth,Monroe,Vonore,35.603476,-84.22398,06010204,Little Tennessee River,Little Tennessee River at mile 18.6,M,MW,,,,,,,,,,,,,,,,,,,,,,,,,,,,,,,,,,,,,,,,,,,,,,,,,,,,,,,,,,,,,,,,,,,,,,,,,,,,,,,,,,,,,,,,,,,,,,,,,,,,,,,,,,,,,,,,,
TN0059897,Tellico Reservoir Development Agency (TRDA),Tellico Reservoir Development Agency WWTP,Mechanical - Suspended Growth,Monroe,Vonore,35.613569,-84.260326,06010204,Little Tennessee River,Little Tennessee River at mile 16.1,M,MW,,,,,,,,,,,,,,,,,,,,,,,,,,,,,,,,,,,,,,,,,,,,,,,,,,,,,,,,,,,,,,,,,,,,,,,,,,,,,,,,,,,,,,,,,,,,,,,,,,,,,,,,,,,,,,,,,
TN0028622,City of Wartburg,Wartburg STP,Mechanical - Suspended Growth,Morgan,Wartburg,36.083611,-84.556667,06010208,Emory River,Crooked Fork Creek at mile 6.3,M,MW,,,,,,,,,,,,,,,,,,,,,,,,,,,,,,,,,,,,,,,,,,,,,,,,,,,,,,,,,,,,,,,,,,,,,,,,,,,,,,,,,,,,,,,,,,,,,,,,,,,,,,,,,,,,,,,,,
TN0020443,Town of Wartrace,Wartrace STP,Non-Mechanical Lagoon,Bedford,Wartrace,35.527609,-86.33279,06040002,Upper Duck River,Wartrace Creek at mile 2,M,MW,,,,,,,,,,,,,,,,,,,,,,,,,,,,,,,,,,,,,,,,,,,,,,,,,,,,,,,,,,,,,,,,,,,,,,,,,,,,,,,,,,,,,,,,,,,,,,,,,,,,,,,,,,,,,,,,,
TN0025488,City of Watertown,Watertown STP,Mechanical - Suspended Growth,Wilson,Watertown,36.108155,-86.132925,05130201,Old Hickory Lake,Round Lick at mile 20.0,M,MW,,,,,,,,,,,,,,,,,,,,,,,,,,,,,,,,,,,,,,,,,,,,,,,,,,,,,,,,,,,,,,,,,,,,,,,,,,,,,,,,,,,,,,,,,,,,,,,,,,,,,,,,,,,,,,,,,
TN0078808,City of Waverly,Waverly Lagoon,Aerated Lagoon,Humphreys,Waverly,36.08014,-87.86067,06040005,Kentucky Lake,Tennessee River at mile 94.5,M,MW,,,,,,,,,,,,,,,,,,,,,,,,,,,,,,,,,,,,,,,,,,,,,,,,,,,,,,,,,,,,,,,,,,,,,,,,,,,,,,,,,,,,,,,,,,,,,,,,,,,,,,,,,,,,,,,,,
TN0021695,City of Waynesboro,Waynesboro STP,Mechanical - Suspended Growth,Wayne,Waynesboro,35.326389,-87.763056,06040004,Buffalo River,Green River at mile 11.9,M,MW,,,,,,,,,,,,,,,,,,,,,,,,,,,,,,,,,,,,,,,,,,,,,,,,,,,,,,,,,,,,,,,,,,,,,,,,,,,,,,,,,,,,,,,,,,,,,,,,,,,,,,,,,,,,,,,,,
TN0055026,City of Westmoreland,Westmoreland STP,Mechanical - Suspended Growth,Sumner,Westmoreland,36.575396,-86.246904,05110002,Barren River,Little Trammel Creek at mile 9.9,M,MW,,,,,,,,,,,,,,,,,,,,,,,,,,,,,,,,,,,,,,,,,,,,,,,,,,,,,,,,,,,,,,,,,,,,,,,,,,,,,,,,,,,,,,,,,,,,,,,,,,,,,,,,,,,,,,,,,
TN0020460,Water Authority of Dickson County,White Bluff WWTP,Mechanical - Suspended Growth,Dickson,White Bluff,36.113366,-87.217176,05130204,Harpeth River,Trace Creek at mile 4.3,M,MW,,,,,,,,,,,,,,,,,,,,,,,,,,,,,,,,,,,,,,,,,,,,,,,,,,,,,,,,,,,,,,,,,,,,,,,,,,,,,,,,,,,,,,,,,,,,,,,,,,,,,,,,,,,,,,,,,
TN0059404,City of White House,White House STP,Mechanical - Suspended Growth,Robertson,White House,36.482063,-86.682131,05130206,Red River,Frey Branch at mile 2.2,M,MW,,,,,,,,,,,,,,,,,,,,,,,,,,,,,,,,,,,,,,,,,,,,,,,,,,,,,,,,,,,,,,,,,,,,,,,,,,,,,,,,,,,,,,,,,,,,,,,,,,,,,,,,,,,,,,,,,
TN0064971,Town of White Pine,White Pine STP,Mechanical - Suspended Growth,Jefferson,White Pine,36.099897,-83.266273,06010107,Lower French Broad River,French Broad River at mile 67.9 (Douglas Reservoir),M,MW,,,,,,,,,,,,,,,,,,,,,,,,,,,,,,,,,,,,,,,,,,,,,,,,,,,,,,,,,,,,,,,,,,,,,,,,,,,,,,,,,,,,,,,,,,,,,,,,,,,,,,,,,,,,,,,,,
TN0026590,Town of Whiteville,Whiteville STP,Mechanical - Suspended Growth,Hardeman,Whiteville,35.329881,-89.133664,08010208,Lower Hatchie River,Hickory Creek at mile 7.7,M,MW,,,,,,,,,,,,,,,,,,,,,,,,,,,,,,,,,,,,,,,,,,,,,,,,,,,,,,,,,,,,,,,,,,,,,,,,,,,,,,,,,,,,,,,,,,,,,,,,,,,,,,,,,,,,,,,,,
TN0021857,Winchester Utility System,Winchester WWTP,Mechanical - Suspended Growth,Franklin,Winchester,35.206602,-86.152676,06030003,Upper Elk River,Tims Ford Reservoir (RM 154) near confluence of Elk River and Boiling Fork ,M,MW,,,,,,,,,,,,,,,,,,,,,,,,,,,,,,,,,,,,,,,,,,,,,,,,,,,,,,,,,,,,,,,,,,,,,,,,,,,,,,,,,,,,,,,,,,,,,,,,,,,,,,,,,,,,,,,,,
TN0025089,Town of Woodbury,Woodbury STP,Mechanical - Suspended Growth,Cannon,Woodbury,35.823966,-86.082802,05130203,Stones River,East Fork Stones River at mile 45.2,M,MW,,,,,,,,,,,,,,,,,,,,,,,,,,,,,,,,,,,,,,,,,,,,,,,,,,,,,,,,,,,,,,,,,,,,,,,,,,,,,,,,,,,,,,,,,,,,,,,,,,,,,,,,,,,,,,,,,
,,,,,,,,,,,,,,,,,,,,,,,,,,,,,,,,,,,,,,,,,,,,,,,,,,,,,,,,,,,,,,,,,,,,,,,,,,,,,,,,,,,,,,,,,,,,,,,,,,,,,,,,,,,,,,,,,,,,,,,,,,,,,
,,,,,,,,,,,,,,,,,,,,,,,,,,,,,,,,,,,,,,,,,,,,,,,,,,,,,,,,,,,,,,,,,,,,,,,,,,,,,,,,,,,,,,,,,,,,,,,,,,,,,,,,,,,,,,,,,,,,,,,,,,,,,
,,,,,,,,,,,,,,,,,,,,,,,,,,,,,,,,,,,,,,,,,,,,,,,,,,,,,,,,,,,,,,,,,,,,,,,,,,,,,,,,,,,,,,,,,,,,,,,,,,,,,,,,,,,,,,,,,,,,,,,,,,,,,
,,,,,,,,,,,,,,,,,,,,,,,,,,,,,,,,,,,,,,,,,,,,,,,,,,,,,,,,,,,,,,,,,,,,,,,,,,,,,,,,,,,,,,,,,,,,,,,,,,,,,,,,,,,,,,,,,,,,,,,,,,,,,
,,,,,,,,,,,,,,,,,,,,,,,,,,,,,,,,,,,,,,,,,,,,,,,,,,,,,,,,,,,,,,,,,,,,,,,,,,,,,,,,,,,,,,,,,,,,,,,,,,,,,,,,,,,,,,,,,,,,,,,,,,,,,
,,,,,,,,,,,,,,,,,,,,,,,,,,,,,,,,,,,,,,,,,,,,,,,,,,,,,,,,,,,,,,,,,,,,,,,,,,,,,,,,,,,,,,,,,,,,,,,,,,,,,,,,,,,,,,,,,,,,,,,,,,,,,
,,,,,,,,,,,,,,,,,,,,,,,,,,,,,,,,,,,,,,,,,,,,,,,,,,,,,,,,,,,,,,,,,,,,,,,,,,,,,,,,,,,,,,,,,,,,,,,,,,,,,,,,,,,,,,,,,,,,,,,,,,,,,
,,,,,,,,,,,,,,,,,,,,,,,,,,,,,,,,,,,,,,,,,,,,,,,,,,,,,,,,,,,,,,,,,,,,,,,,,,,,,,,,,,,,,,,,,,,,,,,,,,,,,,,,,,,,,,,,,,,,,,,,,,,,,
,,,,,,,,,,,,,,,,,,,,,,,,,,,,,,,,,,,,,,,,,,,,,,,,,,,,,,,,,,,,,,,,,,,,,,,,,,,,,,,,,,,,,,,,,,,,,,,,,,,,,,,,,,,,,,,,,,,,,,,,,,,,,
,,,,,,,,,,,,,,,,,,,,,,,,,,,,,,,,,,,,,,,,,,,,,,,,,,,,,,,,,,,,,,,,,,,,,,,,,,,,,,,,,,,,,,,,,,,,,,,,,,,,,,,,,,,,,,,,,,,,,,,,,,,,,
,,,,,,,,,,,,,,,,,,,,,,,,,,,,,,,,,,,,,,,,,,,,,,,,,,,,,,,,,,,,,,,,,,,,,,,,,,,,,,,,,,,,,,,,,,,,,,,,,,,,,,,,,,,,,,,,,,,,,,,,,,,,,
,,,,,,,,,,,,,,,,,,,,,,,,,,,,,,,,,,,,,,,,,,,,,,,,,,,,,,,,,,,,,,,,,,,,,,,,,,,,,,,,,,,,,,,,,,,,,,,,,,,,,,,,,,,,,,,,,,,,,,,,,,,,,
,,,,,,,,,,,,,,,,,,,,,,,,,,,,,,,,,,,,,,,,,,,,,,,,,,,,,,,,,,,,,,,,,,,,,,,,,,,,,,,,,,,,,,,,,,,,,,,,,,,,,,,,,,,,,,,,,,,,,,,,,,,,,
,,,,,,,,,,,,,,,,,,,,,,,,,,,,,,,,,,,,,,,,,,,,,,,,,,,,,,,,,,,,,,,,,,,,,,,,,,,,,,,,,,,,,,,,,,,,,,,,,,,,,,,,,,,,,,,,,,,,,,,,,,,,,
,,,,,,,,,,,,,,,,,,,,,,,,,,,,,,,,,,,,,,,,,,,,,,,,,,,,,,,,,,,,,,,,,,,,,,,,,,,,,,,,,,,,,,,,,,,,,,,,,,,,,,,,,,,,,,,,,,,,,,,,,,,,,
,,,,,,,,,,,,,,,,,,,,,,,,,,,,,,,,,,,,,,,,,,,,,,,,,,,,,,,,,,,,,,,,,,,,,,,,,,,,,,,,,,,,,,,,,,,,,,,,,,,,,,,,,,,,,,,,,,,,,,,,,,,,,
